"submissionID","submitterID","marker","referenceDB","pipeline","uniqueID","seqID","sequence","domain","phylum","kingdom","supergroup","division","subdivision","class","order","family","genus","species","RAMORPHO1","RAMORPHO2","RAMORPHO3","RAMORPHO4","RAMORPHO5","RAMORPHO6","RAMORPHO7","RAMORPHO8","RAMORPHO9","RAMORPHO10","RAMORPHO11","RAMORPHO12","RAMORPHO13","RAMORPHO14","RAMORPHO15","RAMORPHO16","RAMORPHO17","RAMORPHO18","RAMORPHO19","RAMORPHO20","RAMORPHO21","RAMORPHO22","RAMORPHO23","RAMORPHO24","RAMORPHO25","RAMORPHO26","RAMORPHO27","RAMORPHO28","RAMORPHO29","RAMORPHO30","RAMORPHO31","RAMORPHO32","RAMORPHO33","RAMORPHO34","RAMORPHO35","RAMORPHO36","RAMORPHO37","RAMORPHO38","RAMORPHO39","RAMORPHO40","RAMORPHO41","RAMORPHO42","RAMORPHO43","RAMORPHO44","RAMORPHO45","RAMORPHO46","RAMORPHO47","RAMORPHO48","RAMORPHO49","RAMORPHO50","RAMORPHO51","RAMORPHO52","RAMORPHO53","RAMORPHO54","RAMORPHO55","RAMORPHO56","RAMORPHO57","RAMORPHO58","RAMORPHO59","RAMORPHO60","RAMORPHO61","RAMORPHO62","RAMORPHO63","RAMORPHO64","RAMORPHO65","RAMORPHO66","RAMORPHO67","RAMORPHO68","RAMORPHO69","RAMORPHO70","RAMORPHO71","RAMORPHO72","RAMORPHO73","RAMORPHO74","RAMORPHO75","RAMORPHO76","RAMORPHO77","RAMORPHO78","RAMORPHO79","RAMORPHO80","RAMORPHO81","RAMORPHO82","RAMORPHO83","RAMORPHO84","RAMORPHO85","RAMORPHO86","RAMORPHO87","RAMORPHO88","RAMORPHO89","RAMORPHO90","RAMORPHO91","RAMORPHO92","RAMORPHO93","RAMORPHO94","RAMORPHO95","RAMORPHO96","RAMORPHO97","RAMORPHO98","RAMORPHO99","RAMORPHO100","RAMORPHO101","RAMORPHO102","RAMORPHO103","RAMORPHO104","RAMORPHO105","RAMORPHO106","RAMORPHO107","RAMORPHO108","RAMORPHO109","RAMORPHO110","RAMORPHO111","RAMORPHO112","RAMORPHO113","RAMORPHO114","RAMORPHO115","RAMORPHO116","RAMORPHO117","RAMORPHO118","RAMORPHO119","RAMORPHO120","RAMORPHO121","RAMORPHO122","RAMORPHO123","RAMORPHO124","RAMORPHO125","RAMORPHO126","RAMORPHO127","RAMORPHO128","RAMORPHO129","RAMORPHO130","RAMORPHO131","RAMORPHO132","RAMORPHO133","RAMORPHO134","RAMORPHO135","RAMORPHO136","RAMORPHO137","RAMORPHO138","RAMORPHO139","RAMORPHO140","RAMORPHO141","RAMORPHO142","RAMORPHO143","RAMORPHO144","RAMORPHO145","RAMORPHO146","RAMORPHO147","RAMORPHO148","RAMORPHO149","RAMORPHO150","RAMORPHO151","RAMORPHO152","RAMORPHO153","RAMORPHO154","RAMORPHO155","RAMORPHO156","RAMORPHO157","RAMORPHO158","RAMORPHO159","RAMORPHO160","RAMORPHO161","RAMORPHO162","RAMORPHO163","RAMORPHO164","RAMORPHO165","RAMORPHO166","RAMORPHO167","RAMORPHO168","RAMORPHO169","RAMORPHO170","RAMORPHO171","RAMORPHO172","RAMORPHO173","RAMORPHO174","RAMORPHO175","RAMORPHO176","RAMORPHO177","RAMORPHO178","RAMORPHO179","RAMORPHO180","RAMORPHO181","RAMORPHO182","RAMORPHO183","RAMORPHO184","RAMORPHO185","RAMORPHO186","RAMORPHO187","RAMORPHO188","RAMORPHO189","RAMORPHO190","RAMORPHO191","RAMORPHO192","RAMORPHO193","RAMORPHO194","RAMORPHO195","RAMORPHO196","RAMORPHO197","RAMORPHO198","RAMORPHO199","RAMORPHO200","RAMORPHO201","RAMORPHO202","RAMORPHO203","RAMORPHO204","RAMORPHO205","RAMORPHO206","RAMORPHO207","RAMORPHO208","RAMORPHO209","RAMORPHO210","RAMORPHO211","RAMORPHO212","RAMORPHO213","RAMORPHO214","RAMORPHO215","RAMORPHO216","RAMORPHO217","RAMORPHO218","RAMORPHO219","RAMORPHO220","RAMORPHO221","RAMORPHO222","RAMORPHO223","RAMORPHO224","RAMORPHO225","RAMORPHO226","RAMORPHO227","RAMORPHO228","RAMORPHO229","RAMORPHO230","RAMORPHO231","RAMORPHO232","RAMORPHO233","RAMORPHO234","RAMORPHO235","RAMORPHO236","RAMORPHO237","RAMORPHO238","RAMORPHO239","RAMORPHO240","RAMORPHO241","RAMORPHO242","RAMORPHO243","RAMORPHO244","RAMORPHO245","RAMORPHO246","RAMORPHO247","RAMORPHO248","RAMORPHO249","RAMORPHO250","RAMORPHO251","RAMORPHO252","RAMORPHO253","RAMORPHO254","RAMORPHO255","RAMORPHO256","RAMORPHO257","RAMORPHO258","RAMORPHO259","RAMORPHO260","RAMORPHO261","RAMORPHO262","RAMORPHO263","RAMORPHO264","RAMORPHO265","RAMORPHO266","RAMORPHO267","RAMORPHO268","RAMORPHO269","RAMORPHO270","RAMORPHO271","RAMORPHO272"
"RigautJalabertetal_morphology_expertise_microscopy","RigautJalabertetal","morphology","expertise","microscopy","RigautJalabertetal_morphology_expertise_microscopy_micro1","micro1",NA,"Eukaryota","Ochrophyta","Chromista",NA,NA,NA,"Bacillariophyceae","Achnanthales","Achnanthaceae","Achnanthes","Achnanthes longipes",0,0,0,0,0,0,0,0,0,0,0,0,0,0,0,0,0,0,0,0,0,0,0,0,0,0,0,0,0,0,0,0,0,0,0,0,0,0,0,0,0,0,0,0,0,0,0,0,0,0,0,0,0,0,0,0,0,0,0,0,0,0,0,0,0,0,0,0,0,0,0,0,0,0,0,0,0,0,0,0,0,0,0,0,0,0,0,0,0,0,0,0,0,0,0,0,0,0,0,0,0,0,0,0,0,0,0,0,0,0,0,40,0,0,0,0,0,0,0,0,0,0,0,0,0,0,0,0,0,0,0,0,0,0,0,0,0,0,0,0,0,0,0,0,0,0,0,0,0,0,0,0,0,0,0,0,0,0,0,0,0,0,0,0,0,0,0,0,0,0,0,0,0,0,0,0,0,0,0,0,0,0,0,0,0,0,0,0,0,0,0,0,0,0,0,0,0,0,0,0,0,0,0,0,0,0,0,0,0,0,0,0,0,0,0,0,0,0,0,0,0,0,0,0,0,0,0,0,0,0,0,0,0,0,0,0,0,0,0,0,0,0,0,0,0,0,0,0,0,0,0,0,0,0,0,0,0,0,0,0,0,0,0,0,0,0,0,0,0,0,0,0
"RigautJalabertetal_morphology_expertise_microscopy","RigautJalabertetal","morphology","expertise","microscopy","RigautJalabertetal_morphology_expertise_microscopy_micro2","micro2",NA,"Eukaryota","Ochrophyta","Chromista",NA,NA,NA,"Bacillariophyceae","Coscinodiscales","Hemidiscaceae",NA,"Actinocyclus octonarius / Roperia tesselata",40,0,40,0,20,0,20,20,10,10,0,0,0,0,0,0,0,0,0,0,10,0,40,10,0,0,0,0,0,0,0,0,0,0,0,0,0,0,0,0,0,0,0,0,0,20,0,0,60,0,0,0,0,40,0,0,0,0,0,0,0,0,0,0,0,0,0,0,0,80,0,40,0,0,0,0,0,0,0,0,0,0,0,0,0,0,0,0,0,0,0,0,0,0,80,0,0,0,0,0,0,0,0,0,0,0,0,0,0,0,0,0,0,0,0,0,0,0,20,80,0,120,80,120,80,120,0,0,40,0,0,0,0,0,40,0,0,40,0,0,40,0,0,0,0,0,0,120,0,0,0,0,40,0,0,0,0,0,0,0,0,0,0,0,0,0,0,0,0,0,0,0,0,20,0,20,0,0,20,40,0,0,20,0,120,0,0,0,0,0,0,0,40,40,80,60,0,80,30,40,80,20,40,0,0,0,0,0,0,40,0,0,0,0,0,0,0,160,0,0,0,20,0,0,20,0,40,0,0,40,40,0,0,0,0,0,0,0,0,0,0,0,0,0,0,0,0,0,0,0,0,0,0,0,0,40,0,0,0,0,0,0,0,0,0,0,0,0,0,0,0,0
"RigautJalabertetal_morphology_expertise_microscopy","RigautJalabertetal","morphology","expertise","microscopy","RigautJalabertetal_morphology_expertise_microscopy_micro3","micro3",NA,"Eukaryota","Ochrophyta","Chromista",NA,NA,NA,"Bacillariophyceae","Coscinodiscales","Heliopeltaceae","Actinoptychus","Actinoptychus senarius",80,0,10,0,0,40,0,10,0,0,0,0,0,0,0,0,0,0,0,0,0,0,0,10,20,0,0,0,0,0,0,0,0,0,0,0,0,0,0,0,0,0,0,40,20,0,40,40,0,0,0,40,40,120,0,0,40,0,0,0,40,0,0,0,0,0,0,0,0,0,80,40,0,0,0,0,0,0,0,0,40,0,0,0,0,0,0,0,0,0,0,0,0,0,0,0,40,40,0,40,0,0,0,0,20,0,40,0,0,0,0,0,0,0,0,0,0,0,80,0,0,40,0,0,0,40,0,0,0,0,0,0,0,0,0,0,0,0,0,0,0,0,0,0,0,0,0,0,0,0,0,0,0,0,0,0,0,0,0,0,0,0,0,0,0,0,0,0,0,0,0,0,0,0,0,0,0,20,0,0,0,0,0,0,0,0,0,0,0,0,0,0,0,0,0,0,40,0,0,20,30,0,80,120,120,0,0,0,0,0,0,0,0,0,0,0,0,40,0,0,0,0,0,0,0,0,80,0,0,100,60,0,0,0,0,0,0,0,0,0,0,0,0,0,0,20,0,0,0,0,20,20,0,0,0,0,0,0,0,0,0,0,0,0,0,0,0,0,0,0,0,0
"RigautJalabertetal_morphology_expertise_microscopy","RigautJalabertetal","morphology","expertise","microscopy","RigautJalabertetal_morphology_expertise_microscopy_micro4","micro4",NA,"Eukaryota","Ochrophyta","Chromista",NA,NA,NA,"Bacillariophyceae",NA,NA,NA,"Entomoneis/Amphiprora/Amphora",0,0,0,0,0,0,0,0,0,0,0,0,0,0,40,160,20,40,0,0,0,0,40,0,0,0,0,0,0,0,0,0,0,0,0,0,0,0,0,0,0,0,0,0,0,0,0,0,0,0,0,0,0,0,0,0,40,40,180,0,0,0,0,40,0,0,0,0,0,0,200,0,0,0,0,0,0,40,0,0,0,0,0,0,0,0,0,0,0,0,0,0,0,0,0,0,0,0,0,160,8920,80,20,40,20,0,160,0,12320,0,400,30160,0,9520,0,0,27520,0,0,1400,0,0,0,0,160,280,40,0,0,240,0,0,0,0,0,0,0,0,0,0,0,0,0,0,0,0,0,0,0,0,0,0,20,0,0,0,0,0,0,0,0,0,0,0,0,0,0,0,0,0,40,80,0,0,20,20,0,0,0,0,0,20,0,0,0,0,0,0,40,0,0,0,0,0,0,0,0,0,0,40,80,0,120,120,0,40,0,0,0,0,0,0,0,0,0,0,20,80,0,120,280,160,660,520,600,340,80,160,160,0,0,0,0,0,0,0,0,0,0,0,0,0,40,0,40,80,200,120,100,160,80,40,0,0,0,0,0,0,0,0,0,0,20,0,0,0,0,40,40,40,100,220
"RigautJalabertetal_morphology_expertise_microscopy","RigautJalabertetal","morphology","expertise","microscopy","RigautJalabertetal_morphology_expertise_microscopy_micro5","micro5",NA,"Eukaryota","Ochrophyta","Chromista",NA,NA,NA,"Bacillariophyceae","Fragilariales","Fragilariaceae","Asterionellopsis","Asterionellopsis glacialis",0,0,0,0,0,0,0,0,0,0,0,0,0,0,0,0,0,0,0,0,0,0,0,0,0,0,0,0,80,0,0,160,2120,3520,0,0,0,0,0,0,0,0,0,0,0,0,0,0,0,0,0,0,0,0,0,80,480,0,0,0,0,0,0,0,0,0,0,0,0,0,0,0,0,0,0,0,0,0,0,0,0,0,0,0,0,0,0,0,0,0,0,0,0,0,0,0,0,0,0,0,0,0,0,0,0,0,0,0,0,0,0,0,0,0,0,0,0,0,0,0,0,0,0,0,0,0,0,0,0,0,0,0,0,0,0,0,0,0,0,0,0,0,0,0,0,0,0,0,0,0,0,0,0,0,0,1060,640,320,0,0,560,400,0,80,0,0,0,0,0,0,0,0,0,0,0,0,0,80,0,120,0,0,0,260,60,680,0,0,0,0,0,0,0,0,0,0,140,0,0,0,0,0,0,0,0,0,880,0,0,0,0,0,0,0,0,0,0,0,0,0,0,0,0,0,0,0,0,0,0,0,620,0,280,0,0,0,0,0,0,0,0,0,0,0,0,0,0,0,0,0,0,0,0,0,0,0,0,0,0,0,0,0,0,0,0,0,0,0,0,0,0,0
"RigautJalabertetal_morphology_expertise_microscopy","RigautJalabertetal","morphology","expertise","microscopy","RigautJalabertetal_morphology_expertise_microscopy_micro6","micro6",NA,"Eukaryota","Ochrophyta","Chromista",NA,NA,NA,"Bacillariophyceae","Asterolamprales","Asterolampraceae","Asteromphalus","Asteromphalus sp",0,0,10,0,0,0,0,0,0,0,0,0,0,0,0,0,0,0,0,0,0,0,0,0,0,0,0,0,0,0,0,0,0,0,0,0,0,0,0,0,0,0,0,0,0,0,0,0,0,0,0,0,0,0,0,0,0,0,0,0,0,0,0,0,0,0,0,0,0,0,0,0,0,0,0,0,0,0,0,0,0,0,0,0,0,0,0,0,0,0,0,0,0,0,0,0,0,0,0,0,0,0,0,0,0,0,0,0,0,0,0,0,0,0,0,0,0,0,0,0,0,0,0,0,0,0,0,0,0,0,0,0,0,0,0,0,0,0,0,0,0,0,0,0,0,0,0,0,0,0,0,0,0,0,0,0,0,0,0,0,0,0,0,0,0,0,0,0,0,0,0,0,0,0,0,0,0,0,0,0,0,0,0,0,0,0,0,0,0,0,0,0,0,0,0,0,0,0,0,0,0,0,0,0,0,0,0,0,0,0,0,0,0,0,0,0,0,0,0,0,0,0,0,0,0,0,0,0,0,0,0,0,0,0,0,0,0,0,0,0,0,0,0,0,0,0,0,0,0,0,0,0,0,0,0,0,0,0,0,0,0,0,0,0,0,0,0,0,0,0,0,0
"RigautJalabertetal_morphology_expertise_microscopy","RigautJalabertetal","morphology","expertise","microscopy","RigautJalabertetal_morphology_expertise_microscopy_micro7","micro7",NA,"Eukaryota","Ochrophyta","Chromista",NA,NA,NA,"Bacillariophyceae","Bacillariales","Bacillariaceae","Bacillaria","Bacillaria paxillifera",240,140,1620,780,1500,160,90,40,0,0,0,0,0,0,0,0,0,0,0,0,0,0,0,10,300,0,0,0,1560,320,440,0,0,0,0,0,0,0,0,0,0,0,0,0,0,0,80,740,720,520,400,40,200,100,0,0,240,0,0,0,0,0,0,0,0,0,0,0,240,0,0,0,560,120,40,360,640,0,1520,0,0,0,0,0,0,0,0,0,0,0,0,0,0,0,0,0,1000,0,0,0,3240,1760,2440,680,0,0,0,240,0,0,0,0,0,0,0,0,0,0,0,0,0,0,0,0,0,0,0,0,360,0,0,0,0,0,0,0,0,0,0,0,0,0,0,0,0,0,0,0,0,0,0,0,260,0,0,0,0,0,0,0,0,0,0,0,0,0,0,0,0,0,0,0,0,0,0,0,0,0,0,0,0,100,0,80,0,0,0,0,0,0,0,0,0,0,0,0,0,0,0,120,60,360,920,920,1400,140,0,0,0,0,0,0,0,0,0,0,0,0,0,0,0,0,0,520,0,140,260,0,680,1440,500,20,40,0,0,0,0,0,0,0,0,0,0,0,0,0,0,0,0,200,140,0,1180,720,360,0,0,0,0,0,0,0,0,0,0,0,0,0,100,0,720,0
"RigautJalabertetal_morphology_expertise_microscopy","RigautJalabertetal","morphology","expertise","microscopy","RigautJalabertetal_morphology_expertise_microscopy_micro8","micro8",NA,"Eukaryota","Ochrophyta","Chromista",NA,NA,NA,"Bacillariophyceae","Chaetocerotanae incertae sedis","Chaetocerotaceae","Bacteriastrum","Bacteriastrum hyalinum",0,0,0,0,0,0,0,0,0,0,0,0,0,0,0,0,0,0,0,0,0,0,0,0,0,0,0,0,0,0,0,0,0,0,0,0,0,0,0,0,0,0,0,0,0,0,0,0,0,0,0,0,0,0,0,0,0,0,0,0,0,0,0,0,0,0,0,0,0,0,0,0,0,0,0,0,0,0,0,0,0,0,0,0,0,0,0,0,0,0,0,0,0,0,0,0,0,0,0,0,0,0,0,0,0,0,0,0,0,0,0,0,0,0,0,0,0,0,0,0,0,0,0,0,0,0,0,0,0,0,0,0,0,0,0,0,0,0,0,0,0,0,0,0,0,0,0,0,0,0,0,0,0,0,0,0,0,0,0,0,0,0,0,0,0,0,0,0,0,0,0,0,0,0,0,0,0,0,0,0,0,0,0,0,0,0,0,0,0,0,0,0,0,0,0,0,0,0,0,0,0,0,0,0,0,0,0,0,0,0,0,0,0,0,0,0,0,0,140,0,0,0,0,0,0,0,0,0,0,0,0,0,0,0,0,0,0,0,0,0,0,0,0,0,0,0,0,0,0,0,0,0,0,0,0,0,0,0,0,0,0,0,0,0,0,0,0,0,0,0,0,0
"RigautJalabertetal_morphology_expertise_microscopy","RigautJalabertetal","morphology","expertise","microscopy","RigautJalabertetal_morphology_expertise_microscopy_micro9","micro9",NA,"Eukaryota","Ochrophyta","Chromista",NA,NA,NA,"Bacillariophyceae","Biddulphiales","Biddulphiaceae","Biddulphia","Biddulphia alternans",0,0,0,0,0,0,0,0,0,0,0,0,0,0,0,0,0,0,0,0,0,0,0,0,0,0,0,0,0,0,0,0,0,0,0,0,0,0,0,0,0,0,0,0,0,0,0,0,0,0,0,0,0,0,0,0,0,0,0,0,0,0,0,0,0,0,0,40,0,0,0,0,0,0,0,0,0,0,0,0,0,0,0,0,0,0,0,0,0,0,0,0,0,0,0,0,0,0,0,0,0,0,0,40,0,0,0,0,0,0,0,0,0,0,0,0,0,0,0,0,0,0,0,0,0,0,80,0,0,0,0,0,0,0,0,0,0,0,0,0,0,0,0,0,0,0,0,0,0,0,0,0,0,0,0,0,0,0,0,0,0,0,0,0,0,0,0,0,0,0,0,0,0,0,0,0,0,0,0,0,0,0,0,0,0,0,0,0,0,0,0,0,0,0,0,0,0,0,0,0,0,0,0,0,0,0,0,0,0,0,0,0,0,0,20,0,0,0,0,0,20,0,0,0,0,0,0,0,0,0,0,0,0,0,0,0,0,0,0,0,0,40,0,0,0,0,0,0,80,0,0,0,0,0,0,40,0,0,0,0,0,0,0,0,0,0,0,0,0,0,0,0
"RigautJalabertetal_morphology_expertise_microscopy","RigautJalabertetal","morphology","expertise","microscopy","RigautJalabertetal_morphology_expertise_microscopy_micro10","micro10",NA,"Eukaryota","Ochrophyta","Chromista",NA,NA,NA,"Bacillariophyceae",NA,NA,NA,"Fragilaria/Brockmanniella",1640,0,560,1140,240,1260,890,0,0,0,0,0,0,0,120,0,0,0,0,0,0,60,0,150,1520,3320,3020,8840,9640,800,5400,6360,6600,0,0,0,0,0,0,0,0,0,0,160,280,60,280,1140,1080,2400,900,2680,5080,3680,1800,11760,9080,1960,0,880,0,0,0,80,0,0,0,160,280,240,1480,2120,1520,1760,520,3000,2200,3160,1320,1520,2560,160,0,0,0,0,0,0,0,0,0,0,0,0,0,0,1000,880,640,1360,1960,3720,2720,1040,1720,640,1520,320,0,0,0,0,0,0,0,0,0,0,0,0,0,0,0,0,0,160,0,1440,0,0,3240,2480,0,0,320,0,0,0,0,0,0,0,0,0,0,0,0,160,480,160,320,540,320,2400,3280,13080,3880,380,0,1200,0,0,0,0,0,0,0,0,0,0,0,0,40,300,300,240,700,2340,4180,4000,5400,3100,3720,1920,680,0,0,0,0,0,0,0,0,0,200,160,840,920,920,1740,660,2260,2400,5040,9040,7360,760,1800,160,0,0,0,0,0,0,0,0,0,0,0,300,360,20,3200,1360,3540,3400,5000,4240,12720,3640,5360,1920,0,0,0,0,0,0,0,0,0,0,480,0,0,760,960,620,1480,2140,1520,9920,640,14560,1040,0,0,0,0,0,0,0,0,0,0,0,0,0,300,80,360
"RigautJalabertetal_morphology_expertise_microscopy","RigautJalabertetal","morphology","expertise","microscopy","RigautJalabertetal_morphology_expertise_microscopy_micro11","micro11",NA,"Eukaryota","Ochrophyta","Chromista",NA,NA,NA,"Bacillariophyceae",NA,NA,NA,"Surirella/Campylodiscus/ Campyloneis",0,0,0,0,0,0,0,10,0,10,0,0,0,0,0,0,0,40,20,0,0,0,20,80,0,0,0,40,0,0,0,0,0,0,0,0,0,0,0,0,0,0,0,0,0,0,20,0,20,0,0,140,0,0,0,0,40,0,20,0,0,0,40,0,0,0,0,0,0,0,20,40,40,0,0,0,40,0,40,40,0,0,0,0,0,40,0,0,0,0,0,0,0,80,0,0,0,0,0,0,0,0,0,0,0,40,40,0,0,0,0,20,80,0,0,0,0,0,0,40,0,20,40,20,40,0,0,0,0,0,0,0,0,0,0,0,0,0,0,20,0,0,20,20,0,40,0,0,0,0,0,0,20,0,0,0,0,0,0,0,0,0,0,20,0,20,0,40,0,0,40,0,0,0,20,0,10,40,0,0,0,0,0,0,0,0,0,20,0,20,20,0,60,20,20,0,0,0,20,0,0,0,0,0,0,0,0,0,0,0,20,0,0,0,0,0,0,20,0,0,0,0,0,0,10,10,0,0,0,0,0,0,0,0,0,0,0,0,0,0,0,0,0,0,0,0,0,0,0,0,0,0,0,0,0,0,0,0,0,0,20,20,0,0,0,20,0,0,0,0,0,0
"RigautJalabertetal_morphology_expertise_microscopy","RigautJalabertetal","morphology","expertise","microscopy","RigautJalabertetal_morphology_expertise_microscopy_micro12","micro12",NA,"Eukaryota","Ochrophyta","Chromista",NA,NA,NA,"Bacillariophyceae","Hemiaulales","Hemiaulaceae","Cerataulina","Cerataulina pelagica",0,0,0,0,0,0,0,0,0,0,0,0,40,240,0,0,0,0,0,0,0,0,0,0,0,0,0,0,0,0,0,0,0,0,0,0,0,0,0,0,0,0,0,0,0,0,0,0,0,0,0,0,0,0,0,0,0,0,0,0,0,0,0,0,0,0,0,60,0,0,0,0,0,0,0,0,0,0,0,0,0,0,0,0,0,0,0,0,0,0,0,0,40,200,0,0,0,0,0,80,20,0,0,0,0,0,0,0,4160,880,0,0,0,0,1600,80,0,0,0,0,0,0,0,0,0,0,0,0,0,0,0,0,1600,120,40,120,0,360,960,160,0,40,0,0,0,0,0,0,0,0,20,0,0,0,0,0,0,0,80,80,0,240,0,120,40,0,0,0,0,40,0,0,0,0,0,0,0,0,0,0,0,0,0,0,0,420,0,120,0,20,20,0,0,0,0,0,0,0,30,0,0,0,0,0,0,0,20,0,0,0,0,100,0,0,0,60,100,0,0,0,0,0,0,0,0,0,60,0,20,20,40,100,0,0,0,40,120,60,0,0,0,0,0,0,0,0,20,0,0,20,0,0,0,0,20,880,320,40,0,20,560,740,0,0,100,20,20,0,0,0,0,0
"RigautJalabertetal_morphology_expertise_microscopy","RigautJalabertetal","morphology","expertise","microscopy","RigautJalabertetal_morphology_expertise_microscopy_micro13","micro13",NA,"Eukaryota","Ochrophyta","Chromista",NA,NA,NA,"Bacillariophyceae","Chaetocerotanae incertae sedis","Chaetocerotaceae","Chaetoceros","Chaetoceros compressus",0,0,0,0,0,0,0,0,0,0,0,0,0,0,0,0,0,0,0,0,0,0,0,0,0,0,0,0,0,0,0,0,0,0,0,0,0,0,0,0,0,0,0,0,0,0,0,0,0,0,0,0,0,0,0,0,0,0,0,0,0,0,0,0,0,0,0,0,0,0,0,0,0,0,0,0,0,0,0,0,0,0,0,0,0,0,0,0,0,0,0,0,0,0,400,0,0,0,0,0,0,0,0,0,0,0,0,0,0,0,0,0,0,0,0,0,320,0,0,0,0,0,0,0,0,0,0,0,0,0,0,0,0,0,0,0,0,0,0,0,0,0,0,0,0,0,0,0,0,0,0,0,0,0,0,0,0,0,0,0,0,0,0,0,0,0,0,480,0,0,0,0,0,0,0,0,0,0,0,0,0,0,0,0,0,0,600,0,0,0,0,0,0,0,0,0,0,0,0,0,0,0,0,0,0,0,0,0,0,0,0,0,0,0,0,0,0,0,0,0,0,0,0,0,0,0,0,0,0,0,0,0,0,0,0,0,0,0,0,0,0,0,0,0,0,0,0,0,0,0,0,0,0,0,0,0,0,0,0,0,0,660,0,0,0,0,0,0,0,0,0,0
"RigautJalabertetal_morphology_expertise_microscopy","RigautJalabertetal","morphology","expertise","microscopy","RigautJalabertetal_morphology_expertise_microscopy_micro14","micro14",NA,"Eukaryota","Ochrophyta","Chromista",NA,NA,NA,"Bacillariophyceae","Chaetocerotanae incertae sedis","Chaetocerotaceae","Chaetoceros","Chaetoceros curvisetus/debilis/pseudocurvisetus",0,0,0,0,0,0,0,0,0,0,0,0,0,0,0,0,0,0,0,0,0,0,0,0,0,0,0,0,0,0,0,0,0,0,0,0,0,0,0,0,0,0,0,0,0,0,0,0,0,0,0,0,0,0,0,0,0,0,0,0,0,0,0,0,680,0,0,120,0,0,0,0,0,0,0,0,160,0,0,0,80,0,0,80,0,280,0,360,1620,80,200,120,160,360,0,60,40,0,0,0,0,0,0,0,0,0,760,1760,0,0,0,0,320,4000,67440,3520,620,8400,180,0,140,0,360,0,0,0,0,0,0,0,0,2400,2720,640,480,0,120,120,2400,4320,1760,1160,80,800,0,0,0,0,0,0,0,0,0,0,0,440,1040,160,240,440,2160,1240,200,140880,960,560,200,280,0,280,0,0,0,0,0,0,0,0,0,0,0,100,0,120,240,1820,0,3400,5160,11800,0,760,1640,480,320,0,0,140,0,0,0,0,0,0,0,0,120,0,0,0,0,520,440,0,240,1000,760,0,320,0,120,40,0,0,0,0,60,0,200,0,1840,480,200,0,180,0,400,3140,40,0,640,320,400,240,0,0,0,0,0,0,0,60,0,240,0,1200,620,0,0,5000,1680,7500,360,120,2760,320,0,0,100,60,0,0
"RigautJalabertetal_morphology_expertise_microscopy","RigautJalabertetal","morphology","expertise","microscopy","RigautJalabertetal_morphology_expertise_microscopy_micro15","micro15",NA,"Eukaryota","Ochrophyta","Chromista",NA,NA,NA,"Bacillariophyceae","Chaetocerotanae incertae sedis","Chaetocerotaceae","Chaetoceros","Chaetoceros danicus",0,0,0,0,20,0,0,0,0,0,0,0,0,0,0,0,0,0,0,10,0,50,20,0,0,0,0,0,0,20,0,0,120,160,0,40,0,40,40,40,0,40,40,0,0,0,0,0,0,120,40,0,20,0,0,0,0,0,0,0,0,0,0,40,0,20,20,120,40,40,160,0,20,40,0,0,120,20,40,0,0,0,40,0,0,0,0,0,160,0,0,0,0,0,0,0,0,0,40,120,40,200,120,40,40,80,40,120,1120,0,0,0,0,0,240,0,80,20,0,20,0,0,0,60,0,0,0,20,120,40,20,40,100,120,80,140,20,0,320,0,80,0,0,80,0,0,20,120,20,60,0,0,0,0,60,40,40,0,40,0,0,0,0,0,120,0,40,0,20,40,0,0,0,20,0,0,0,0,0,0,0,0,0,0,0,0,0,0,0,0,0,0,0,0,20,0,20,20,0,0,0,20,0,20,60,0,0,0,0,40,0,0,0,60,100,240,60,20,140,160,200,60,100,20,30,40,80,60,120,160,60,120,0,0,0,0,20,80,0,0,40,0,0,40,0,60,220,140,140,120,70,340,260,600,480,360,360,40,0,0,0,120,40,200,120,0,40,120,120,80,100,60
"RigautJalabertetal_morphology_expertise_microscopy","RigautJalabertetal","morphology","expertise","microscopy","RigautJalabertetal_morphology_expertise_microscopy_micro16","micro16",NA,"Eukaryota","Ochrophyta","Chromista",NA,NA,NA,"Bacillariophyceae","Chaetocerotanae incertae sedis","Chaetocerotaceae","Chaetoceros","Chaetoceros decipiens/lorenzianus",0,0,0,0,0,0,0,0,0,0,0,0,0,0,0,140,0,0,0,0,0,0,0,0,0,0,0,0,0,0,0,0,0,0,0,0,400,0,680,480,0,0,0,160,0,0,0,0,0,200,0,0,0,0,0,0,0,0,0,0,0,0,160,0,80,80,120,560,120,160,0,0,0,0,0,0,0,0,0,0,0,0,0,0,0,0,0,0,0,0,0,240,560,180,80,240,0,0,0,0,0,0,0,0,0,0,0,0,0,0,0,0,0,640,0,0,180,160,0,140,120,0,0,0,0,0,0,0,0,0,0,0,240,0,0,0,0,0,0,80,200,320,0,40,0,0,0,0,0,0,20,0,0,0,60,0,0,0,0,0,0,0,0,1600,80,0,300,0,0,120,0,0,60,0,0,0,0,0,0,0,0,0,0,0,120,0,0,0,0,860,300,0,320,0,0,0,0,0,0,40,0,0,0,0,0,0,0,0,0,60,0,480,80,0,0,160,100,0,0,0,0,0,0,0,0,0,0,0,0,0,0,0,0,0,0,0,0,4360,0,140,160,0,0,0,0,0,0,0,0,0,0,0,100,0,0,100,0,0,0,200,180,2000,0,100,0,20,60,0,0,0,0,0
"RigautJalabertetal_morphology_expertise_microscopy","RigautJalabertetal","morphology","expertise","microscopy","RigautJalabertetal_morphology_expertise_microscopy_micro17","micro17",NA,"Eukaryota","Ochrophyta","Chromista",NA,NA,NA,"Bacillariophyceae","Chaetocerotanae incertae sedis","Chaetocerotaceae","Chaetoceros","Chaetoceros densus",0,0,0,0,0,0,0,0,0,0,0,0,0,0,0,0,0,0,0,0,0,0,0,0,0,0,0,0,0,0,0,0,0,0,0,0,0,0,0,0,0,0,0,0,0,0,0,0,0,0,0,0,0,0,0,0,0,0,0,0,0,0,0,0,0,0,0,0,0,0,0,0,0,0,0,0,0,0,0,0,0,0,0,0,0,0,0,0,0,0,0,0,0,0,0,320,0,0,0,0,0,0,0,0,0,0,0,0,0,0,0,0,0,0,200,0,60,0,0,0,0,0,0,0,0,0,0,0,0,0,0,0,0,0,0,60,0,0,0,0,0,0,0,0,0,0,0,0,0,0,0,0,0,0,0,0,0,0,0,0,0,0,0,40,0,0,0,0,0,20,0,0,0,0,0,0,0,0,0,0,0,0,0,0,0,0,120,0,0,220,0,0,0,0,0,0,0,0,0,0,0,0,0,0,0,0,0,0,0,0,0,320,0,0,0,0,0,0,0,0,0,0,0,0,0,0,0,0,0,0,0,0,0,0,0,0,0,0,0,0,0,0,0,0,0,0,0,0,0,0,0,0,0,0,0,0,0,0,0,0,160,1660,0,0,0,0,0,0,0,0,0,0
"RigautJalabertetal_morphology_expertise_microscopy","RigautJalabertetal","morphology","expertise","microscopy","RigautJalabertetal_morphology_expertise_microscopy_micro18","micro18",NA,"Eukaryota","Ochrophyta","Chromista",NA,NA,NA,"Bacillariophyceae","Chaetocerotanae incertae sedis","Chaetocerotaceae","Chaetoceros","Chaetoceros diadema",0,0,0,0,0,0,0,0,0,0,0,0,0,0,0,0,0,0,0,0,0,0,0,0,0,0,0,0,0,0,0,0,0,0,0,0,0,0,720,0,0,0,0,0,0,0,0,0,0,0,0,0,0,0,0,0,0,0,0,0,0,0,0,0,0,0,0,0,0,0,0,0,0,0,0,0,0,0,0,0,0,0,0,0,0,0,0,0,0,0,0,0,0,0,0,0,0,0,0,0,0,0,0,0,0,0,0,0,0,0,0,0,0,0,0,0,0,0,0,120,0,0,0,0,0,0,0,0,0,0,0,0,0,0,0,0,0,0,0,11360,480,0,0,0,0,260,0,0,0,0,0,0,0,0,0,200,160,0,480,0,0,0,120,1920,0,0,0,0,0,0,0,0,0,0,0,0,0,0,0,0,0,0,0,0,0,0,0,0,0,0,0,0,0,0,0,0,0,0,0,0,0,0,0,0,0,0,0,0,0,0,0,0,0,0,0,0,0,0,0,0,0,0,0,0,0,0,0,0,0,0,0,0,0,0,0,0,0,0,0,0,0,0,0,0,0,0,0,0,0,0,0,0,0,0,0,0,0,0,0,0,0,0,0,0,0,0,0,0,0,0,0,0
"RigautJalabertetal_morphology_expertise_microscopy","RigautJalabertetal","morphology","expertise","microscopy","RigautJalabertetal_morphology_expertise_microscopy_micro19","micro19",NA,"Eukaryota","Ochrophyta","Chromista",NA,NA,NA,"Bacillariophyceae","Chaetocerotanae incertae sedis","Chaetocerotaceae","Chaetoceros","Chaetoceros didymus/protuberans",0,0,0,0,0,0,0,0,0,0,0,0,0,0,0,0,0,0,0,0,0,0,0,0,0,0,0,0,0,0,0,0,40,0,0,920,520,120,2440,320,0,0,0,0,0,0,0,0,0,0,0,0,0,0,0,0,0,0,0,0,0,240,0,80,0,0,0,0,0,0,0,0,0,0,0,0,0,0,0,0,0,0,0,0,0,0,0,0,360,40,160,320,0,0,0,0,0,0,0,0,0,0,0,0,0,0,0,0,0,0,0,0,0,720,1440,720,480,0,0,0,0,0,0,0,0,0,0,0,0,0,0,0,0,280,0,0,0,0,60,80,0,0,0,0,0,0,0,0,0,0,0,0,0,0,0,0,0,0,0,0,0,0,0,240,160,40,0,0,0,0,0,0,0,0,0,0,0,0,0,0,0,0,0,0,0,360,0,860,0,0,120,0,320,0,0,140,0,80,0,0,0,0,0,0,0,0,0,0,0,0,0,0,80,40,40,0,0,0,0,0,0,0,0,0,0,0,0,0,0,0,180,0,0,0,0,0,0,1720,0,0,0,0,0,0,0,0,0,0,0,0,0,0,0,0,0,0,60,0,0,0,0,1120,200,0,0,0,0,0,0,0,0,0
"RigautJalabertetal_morphology_expertise_microscopy","RigautJalabertetal","morphology","expertise","microscopy","RigautJalabertetal_morphology_expertise_microscopy_micro20","micro20",NA,"Eukaryota","Ochrophyta","Chromista",NA,NA,NA,"Bacillariophyceae","Chaetocerotanae incertae sedis","Chaetocerotaceae","Chaetoceros","Chaetoceros eibenii",0,0,0,0,0,0,0,0,0,0,0,0,0,0,0,0,0,0,0,0,0,0,0,0,0,0,0,0,0,0,0,0,0,0,0,0,0,0,0,0,0,0,0,0,0,0,0,0,0,0,0,0,0,0,0,0,0,0,0,0,0,0,0,0,0,0,0,0,0,0,0,0,0,0,0,0,0,0,0,0,0,0,0,0,0,0,0,0,0,0,0,0,0,0,0,0,0,0,0,0,0,0,0,0,0,0,0,0,0,0,0,0,0,0,0,0,0,120,0,0,0,0,0,0,0,0,0,0,0,0,0,0,0,0,0,0,0,0,0,0,0,0,0,40,0,0,0,0,0,0,0,0,0,0,0,0,0,0,0,0,0,0,0,80,0,20,0,0,0,0,0,0,0,0,0,0,0,0,0,0,0,0,0,0,20,0,40,40,220,0,0,0,0,0,0,0,0,0,0,0,0,0,0,0,0,0,0,0,0,0,0,20,0,0,0,0,0,0,0,0,0,0,0,0,0,0,0,0,0,0,0,0,0,0,0,0,0,0,0,0,0,0,0,0,0,0,0,0,0,0,0,0,0,0,0,0,0,0,0,0,0,0,0,0,0,0,0,0,0,0,0,0
"RigautJalabertetal_morphology_expertise_microscopy","RigautJalabertetal","morphology","expertise","microscopy","RigautJalabertetal_morphology_expertise_microscopy_micro21","micro21",NA,"Eukaryota","Ochrophyta","Chromista",NA,NA,NA,"Bacillariophyceae","Chaetocerotanae incertae sedis","Chaetocerotaceae","Chaetoceros","Chaetoceros laciniosus",0,0,0,0,0,0,0,0,0,0,0,0,0,0,0,0,0,0,0,0,0,0,0,0,0,0,0,0,0,0,0,0,0,0,0,0,0,0,0,0,0,0,0,0,0,0,0,0,0,0,0,0,0,0,0,0,0,0,0,0,0,0,0,0,0,0,0,0,0,0,0,0,0,0,0,0,0,0,0,0,0,0,0,0,0,0,0,0,0,0,0,0,0,0,0,0,0,0,0,0,0,0,0,0,0,0,0,0,0,0,0,0,0,0,0,0,0,0,0,0,0,0,0,0,0,0,0,0,0,0,0,0,0,0,0,0,0,0,0,0,0,0,0,0,0,0,0,0,0,0,0,0,0,0,0,0,0,0,0,0,0,0,0,0,0,0,0,0,0,0,0,0,0,0,0,0,0,0,0,0,0,0,0,0,0,0,0,0,0,0,0,0,0,0,0,0,0,0,0,0,0,0,0,0,0,0,0,0,0,0,0,0,0,0,0,0,0,0,0,0,0,0,0,0,0,0,0,0,0,0,0,0,0,0,0,0,0,540,0,0,0,0,0,0,0,0,0,0,0,0,0,0,0,0,0,0,0,0,0,0,0,0,0,0,160,0,0,0,0,0,0,0
"RigautJalabertetal_morphology_expertise_microscopy","RigautJalabertetal","morphology","expertise","microscopy","RigautJalabertetal_morphology_expertise_microscopy_micro22","micro22",NA,"Eukaryota","Ochrophyta","Chromista",NA,NA,NA,"Bacillariophyceae","Chaetocerotanae incertae sedis","Chaetocerotaceae","Chaetoceros","Chaetoceros lauderi/teres",0,0,0,0,0,0,0,0,0,0,0,0,0,0,0,0,0,0,0,0,0,0,0,0,0,0,0,0,0,0,0,0,0,0,0,0,0,0,320,0,0,0,0,0,0,0,0,0,0,0,0,0,0,0,0,0,0,0,0,0,0,0,0,0,0,0,0,0,0,0,0,0,0,0,0,0,0,0,0,0,0,0,0,0,0,0,0,0,0,0,0,0,0,0,0,0,0,0,0,0,0,0,0,0,0,0,0,520,0,0,0,0,0,0,0,0,0,0,0,0,0,0,0,0,0,0,0,0,0,0,0,0,0,0,0,0,0,0,0,0,0,240,0,0,0,0,0,0,0,0,0,0,0,0,0,0,0,0,0,0,0,0,0,0,0,0,0,0,0,0,0,0,0,0,0,0,0,0,0,0,0,0,0,0,0,0,0,0,0,0,0,0,0,0,0,0,0,0,0,0,0,0,0,0,0,0,0,0,0,0,0,0,0,0,0,0,0,0,0,0,0,0,0,0,0,0,0,0,0,0,180,0,0,0,0,0,0,560,0,0,0,0,0,0,0,0,0,0,0,0,0,0,0,0,0,0,0,0,0,0,0,0,0,0,0,0,0,0,0,0,0,0
"RigautJalabertetal_morphology_expertise_microscopy","RigautJalabertetal","morphology","expertise","microscopy","RigautJalabertetal_morphology_expertise_microscopy_micro23","micro23",NA,"Eukaryota","Ochrophyta","Chromista",NA,NA,NA,"Bacillariophyceae","Chaetocerotanae incertae sedis","Chaetocerotaceae","Chaetoceros","C.concavicornis / C.peruvianus",0,0,0,0,0,0,0,0,0,0,0,0,0,80,0,720,20,0,0,0,0,0,0,0,0,0,0,0,0,0,0,0,0,0,0,0,0,0,0,0,0,0,0,0,0,0,0,0,0,0,0,0,0,0,0,0,0,0,0,0,0,0,40,0,40,0,40,40,0,0,0,0,40,0,0,0,80,0,0,0,0,0,0,0,0,0,0,0,0,0,0,0,0,0,0,0,0,0,0,0,0,0,0,0,0,0,0,0,0,0,0,0,0,0,0,20,0,20,0,0,0,0,0,20,0,0,0,0,0,0,0,0,0,0,0,0,0,0,0,0,0,0,0,0,0,0,0,0,0,0,0,0,0,0,0,0,0,0,0,0,0,0,0,0,0,0,0,0,0,0,0,0,0,0,0,0,0,0,0,0,0,0,0,0,0,0,0,0,0,0,0,0,0,0,0,0,0,0,0,0,0,0,0,0,0,0,0,0,0,0,0,0,0,0,0,0,0,0,0,0,0,0,0,0,0,0,0,0,0,0,0,0,0,0,0,0,0,0,0,0,0,0,0,0,0,0,0,0,0,0,0,0,0,0,0,0,0,0,0,0,0,0,0,0,0,0,0,0,0,0,0,0
"RigautJalabertetal_morphology_expertise_microscopy","RigautJalabertetal","morphology","expertise","microscopy","RigautJalabertetal_morphology_expertise_microscopy_micro24","micro24",NA,"Eukaryota","Ochrophyta","Chromista",NA,NA,NA,"Bacillariophyceae","Chaetocerotanae incertae sedis","Chaetocerotaceae","Chaetoceros","Chaetoceros similis",0,0,0,0,0,0,0,0,0,0,0,0,0,0,0,0,0,0,0,0,0,0,0,0,0,0,0,0,0,0,0,0,0,0,0,0,0,0,0,0,0,0,0,0,0,0,0,0,0,0,0,0,0,0,0,0,0,0,0,0,0,0,0,0,0,0,0,0,0,0,0,0,0,0,0,0,0,0,0,0,0,0,0,160,0,560,0,0,0,0,0,0,0,60,0,0,0,0,0,0,0,0,0,0,0,0,0,0,0,0,0,0,0,0,0,0,0,0,0,0,0,0,0,0,0,0,0,0,0,0,0,0,640,480,320,0,880,120,640,0,0,0,0,0,0,0,40,0,40,0,0,0,0,0,40,40,0,0,960,960,400,0,80,1120,0,0,0,120,0,40,0,0,0,0,0,0,0,0,0,0,0,0,0,40,0,0,120,0,0,0,0,40,160,200,20,0,0,80,0,0,0,0,0,0,0,0,0,0,40,0,60,160,200,240,20,480,200,80,40,0,0,0,20,0,0,0,0,0,0,0,0,0,0,0,0,0,680,0,120,0,0,40,40,0,0,0,20,0,0,0,0,20,40,0,40,0,0,0,0,0,160,0,20,360,200,60,520,160,0,0,0,0
"RigautJalabertetal_morphology_expertise_microscopy","RigautJalabertetal","morphology","expertise","microscopy","RigautJalabertetal_morphology_expertise_microscopy_micro25","micro25",NA,"Eukaryota","Ochrophyta","Chromista",NA,NA,NA,"Bacillariophyceae","Chaetocerotanae incertae sedis","Chaetocerotaceae","Chaetoceros","Chaetoceros simplex/tenuissimus",0,0,0,0,0,0,0,0,0,0,0,0,0,0,0,0,0,0,0,0,0,0,0,0,0,0,0,0,0,0,0,0,0,0,0,0,0,0,0,0,0,0,0,0,0,0,0,0,0,0,0,0,0,0,0,0,0,0,0,0,0,0,0,0,0,0,120,0,0,80,0,40,0,0,0,40,0,0,0,0,160,60,120,400,0,680,0,120,120,0,80,520,280,200,200,120,120,0,0,40,20,0,160,0,40,0,280,120,0,0,0,0,0,240,1080,320,0,0,0,0,240,120,0,0,0,0,0,0,0,0,0,2560,0,0,0,40,0,160,0,80,0,80,0,0,40,40,0,0,0,40,0,0,0,0,0,0,160,0,0,0,0,0,0,0,80,0,80,0,0,0,0,40,0,0,0,0,0,0,0,0,0,0,0,0,40,0,0,40,40,320,280,80,0,0,0,0,0,0,0,0,0,0,0,0,0,0,0,0,0,0,0,0,0,320,0,0,0,0,0,0,0,0,0,20,0,0,0,0,0,0,0,0,0,120,0,40,600,280,360,240,40,0,0,60,0,0,0,40,0,0,0,0,80,0,40,0,0,0,0,280,0,160,320,0,80,0,0,40,60,20,0,0
"RigautJalabertetal_morphology_expertise_microscopy","RigautJalabertetal","morphology","expertise","microscopy","RigautJalabertetal_morphology_expertise_microscopy_micro26","micro26",NA,"Eukaryota","Ochrophyta","Chromista",NA,NA,NA,"Bacillariophyceae","Chaetocerotanae incertae sedis","Chaetocerotaceae","Chaetoceros","Chaetoceros socialis",0,0,0,0,0,0,0,0,0,0,0,0,0,0,0,0,0,0,0,0,0,0,0,0,0,0,0,0,0,0,0,0,0,0,0,0,0,0,0,0,0,0,0,0,0,0,0,0,0,0,0,0,0,0,0,0,0,0,0,0,0,0,0,0,0,0,0,0,0,0,0,0,0,0,0,0,0,0,0,40,0,0,0,240,0,0,0,0,560,400,0,0,0,120,0,0,0,0,0,0,0,0,0,0,0,0,0,5920,0,0,0,0,0,0,0,11280,6720,24880,160,0,0,0,0,0,0,0,0,0,0,0,0,0,0,0,2400,0,0,0,600,760,0,0,0,920,120,0,0,0,0,0,0,0,0,0,0,0,0,0,0,0,0,0,0,0,0,0,0,1920,160,0,0,0,0,0,0,0,0,0,0,400,0,0,0,0,0,0,2920,5520,8360,8640,0,0,0,0,0,0,0,0,0,0,0,0,0,0,0,0,0,0,0,0,0,0,0,60,0,820,0,0,340,0,0,0,0,0,0,0,0,0,0,0,0,120,0,0,0,0,0,0,0,0,1360,0,0,0,0,0,0,0,0,0,0,0,0,0,0,0,0,0,0,0,400,8740,1600,240,7040,250,680,0,0,0,0,0
"RigautJalabertetal_morphology_expertise_microscopy","RigautJalabertetal","morphology","expertise","microscopy","RigautJalabertetal_morphology_expertise_microscopy_micro27","micro27",NA,"Eukaryota","Ochrophyta","Chromista",NA,NA,NA,"Bacillariophyceae","Chaetocerotanae incertae sedis","Chaetocerotaceae","Chaetoceros","Chaetoceros sp",200,0,0,0,0,0,0,90,0,30,20,680,1400,5680,240,26400,2860,1040,140,20,0,50,0,10,0,0,0,0,0,0,0,0,960,400,80,1840,0,2040,10760,7040,0,960,80,160,240,140,0,0,0,80,60,40,220,0,40,1320,480,200,0,120,600,8440,4560,440,1840,1200,1440,920,120,360,120,0,0,0,320,0,1120,120,0,300,800,180,1280,880,0,13120,1000,2760,8000,3240,1760,7040,4360,560,560,80,560,680,280,280,200,440,0,80,40,40,320,1400,1120,2560,840,400,5440,6240,153900,14320,2960,1280,1360,1160,1280,80,100,0,0,120,0,480,120,400,80,480,720,0,40,400,3920,720,880,12880,2360,1080,80,920,280,0,80,40,120,80,80,80,0,120,0,80,160,240,400,240,560,0,0,1360,200,80,80,520,460,400,40,160,60,0,20,0,0,0,0,100,0,0,0,0,0,160,1040,1200,240,16040,480,680,220,320,240,240,80,80,0,0,0,320,160,0,160,0,0,0,1400,0,40,320,240,300,60,380,0,40,0,40,360,140,140,100,0,80,160,0,0,0,0,0,0,0,0,0,40,0,640,1720,80,120,80,0,220,180,280,200,0,0,120,120,0,0,0,720,0,0,280,260,160,1960,1580,480,1240,200,280,0,300,480,280,220
"RigautJalabertetal_morphology_expertise_microscopy","RigautJalabertetal","morphology","expertise","microscopy","RigautJalabertetal_morphology_expertise_microscopy_micro28","micro28",NA,"Eukaryota","Ochrophyta","Chromista",NA,NA,NA,"Bacillariophyceae","Chaetocerotanae incertae sedis","Chaetocerotaceae","Chaetoceros","Chaetoceros subtilis/affinis/tortissimus",0,0,0,0,0,0,0,0,0,0,0,0,0,0,0,0,0,0,0,0,0,0,0,0,0,0,0,0,0,0,0,0,0,0,0,0,0,0,0,0,0,0,0,0,0,0,0,0,0,0,0,0,0,0,0,0,0,0,0,0,0,0,0,0,0,0,0,0,0,0,0,0,0,0,0,0,0,0,0,0,0,0,0,0,0,0,0,0,0,80,200,0,0,0,0,0,0,0,0,0,0,0,0,0,0,0,0,200,0,0,0,0,240,0,2480,120,0,0,0,0,0,0,0,0,0,0,0,0,0,0,0,0,0,0,0,0,0,0,0,0,0,0,0,0,0,0,0,0,0,0,0,0,0,0,0,0,0,0,0,0,0,0,0,0,0,0,0,0,0,0,0,0,0,0,0,0,0,0,0,0,0,0,0,0,0,40,0,0,0,0,0,0,0,0,0,0,0,0,0,0,0,0,0,0,0,0,0,0,0,0,0,0,0,0,0,0,0,0,0,0,0,0,0,0,0,0,0,0,0,0,0,0,0,0,0,0,0,0,0,0,0,0,0,0,0,0,0,0,0,0,0,0,0,0,0,0,0,0,0,0,0,0,0,0,0,0,0,0,0,0,0,0
"RigautJalabertetal_morphology_expertise_microscopy","RigautJalabertetal","morphology","expertise","microscopy","RigautJalabertetal_morphology_expertise_microscopy_micro29","micro29",NA,"Eukaryota","Ochrophyta","Chromista",NA,NA,NA,"Bacillariophyceae","Chaetocerotanae incertae sedis","Chaetocerotaceae","Chaetoceros","Chaetoceros wighamii",0,0,0,0,0,0,0,0,0,0,50,0,0,0,0,0,0,0,0,0,0,0,0,0,0,0,0,0,0,0,0,0,0,0,0,0,0,0,0,0,0,0,0,0,0,0,0,0,0,0,0,0,0,0,0,0,0,0,0,0,0,0,0,0,120,0,0,0,0,0,0,0,0,0,0,0,0,0,0,0,0,0,0,0,0,1420,440,0,240,1120,480,0,1360,2120,960,840,3400,0,280,600,2320,2240,280,0,0,0,0,0,0,0,0,0,1440,0,0,0,3520,6560,640,960,2800,3400,3240,540,480,0,240,560,0,680,1200,46800,5440,0,440,0,2800,960,1120,2600,0,0,0,240,240,360,1280,2200,2080,80,1260,1080,0,800,680,0,0,0,0,0,0,1000,0,1520,1760,0,120,1160,60,120,480,0,80,0,60,0,0,0,0,0,0,0,0,0,0,0,1640,4600,2640,0,400,360,1520,0,0,0,0,0,0,0,0,0,0,360,200,160,240,240,0,320,600,0,480,160,120,4120,0,1860,2100,1840,1680,740,920,500,120,75,0,0,640,320,320,160,0,0,0,0,1400,800,1440,4560,5800,480,2500,3280,1780,2120,3080,2520,1340,720,500,480,880,380,440,2680,720,0,400,3160,200,9040,120,7960,7720,1280,5160,5440,4220,1040,1300,1300
"RigautJalabertetal_morphology_expertise_microscopy","RigautJalabertetal","morphology","expertise","microscopy","RigautJalabertetal_morphology_expertise_microscopy_micro30","micro30",NA,"Eukaryota","Ochrophyta","Chromista",NA,NA,NA,"Bacillariophyceae","Achnanthales","Cocconeidaceae","Cocconeis","Cocconeis sp",120,0,0,20,0,0,0,0,0,0,0,0,40,0,40,0,0,40,20,0,0,10,0,0,20,0,0,0,80,0,0,0,0,0,0,0,0,0,0,0,0,0,0,0,0,0,0,140,100,0,0,40,200,240,20,20,40,0,60,0,0,0,40,0,0,80,40,40,0,0,40,40,80,40,120,40,120,0,0,20,0,40,0,0,0,0,40,0,0,0,0,0,0,40,40,40,280,0,160,40,80,40,80,80,80,0,40,20,320,0,200,20,0,0,80,0,640,80,800,720,400,280,200,320,120,100,480,200,320,100,240,0,0,120,40,0,0,40,0,0,0,0,0,120,40,0,0,40,120,20,0,0,20,0,0,0,0,0,0,0,0,0,0,0,0,0,0,0,0,0,60,0,0,20,20,0,0,0,0,0,0,0,0,0,0,0,0,0,0,0,0,0,0,0,0,0,0,0,0,0,0,0,0,0,0,0,0,0,0,0,0,0,0,0,0,0,0,0,0,0,0,0,0,0,0,0,0,0,0,0,0,0,0,0,0,0,0,0,0,0,0,0,0,0,0,0,0,0,0,0,0,0,0,0,0,0,0,0,0,0,20,0,0,0,0,0,0,0,0,0,0,0
"RigautJalabertetal_morphology_expertise_microscopy","RigautJalabertetal","morphology","expertise","microscopy","RigautJalabertetal_morphology_expertise_microscopy_micro31","micro31",NA,"Eukaryota","Ochrophyta","Chromista",NA,NA,NA,"Bacillariophyceae","Corethrales","Corethraceae","Corethron","Corethron sp",0,0,10,10,0,0,0,40,10,0,0,0,0,0,0,0,20,0,0,0,0,0,20,0,20,0,0,0,80,80,0,0,80,0,0,0,120,40,80,0,0,0,0,0,0,40,0,20,0,0,0,20,40,0,0,280,320,280,60,0,200,1040,0,0,0,0,0,0,0,20,0,0,0,0,0,0,0,0,0,0,0,0,0,0,0,0,0,0,0,0,0,0,0,0,0,0,0,40,0,0,0,0,0,0,80,40,40,80,80,0,0,0,0,0,0,60,0,20,0,0,40,0,40,0,0,0,0,20,40,0,0,20,100,120,320,120,80,640,40,0,40,40,0,20,20,20,0,0,40,80,0,0,20,0,0,140,40,0,80,0,40,40,80,80,20,0,20,0,20,0,0,0,20,20,20,0,10,0,20,0,0,0,0,0,0,0,40,40,0,0,20,0,40,0,0,0,0,0,0,20,0,0,20,20,60,20,100,0,40,40,60,20,20,0,0,0,0,0,20,0,0,40,0,0,0,0,0,0,0,60,300,620,20,0,0,0,0,0,0,0,0,0,0,40,0,0,0,0,0,0,0,0,0,40,20,60,220,80,80,40,0,0,20,0,0,0,0,0,0,0,0,0
"RigautJalabertetal_morphology_expertise_microscopy","RigautJalabertetal","morphology","expertise","microscopy","RigautJalabertetal_morphology_expertise_microscopy_micro32","micro32",NA,"Eukaryota","Ochrophyta","Chromista",NA,NA,NA,"Bacillariophyceae","Coscinodiscales","Coscinodiscaceae","Coscinodiscus","Coscinodiscus radiatus",80,0,0,0,0,0,0,0,0,0,0,0,0,0,0,0,0,0,0,0,0,0,0,0,0,0,0,0,40,0,0,0,0,0,0,0,0,0,0,0,0,0,0,40,0,0,60,40,0,0,0,60,40,20,0,40,40,40,60,40,20,20,0,20,0,0,40,0,40,120,200,80,220,120,40,80,120,80,40,0,40,0,0,0,0,0,0,0,0,0,0,0,0,0,40,40,160,40,120,80,40,40,80,0,0,0,0,0,0,0,0,0,0,0,0,0,0,0,80,40,140,180,160,0,40,80,0,0,0,0,0,0,60,0,0,0,20,0,0,0,0,0,0,0,0,0,0,20,0,0,0,0,0,0,0,0,0,0,0,0,0,0,0,0,0,0,0,0,0,0,20,0,0,0,0,0,10,0,0,0,0,0,0,0,0,0,0,0,0,0,0,0,0,0,0,0,0,0,30,0,0,0,0,0,0,0,0,0,0,0,0,0,0,0,0,0,0,0,0,0,0,0,0,0,0,0,0,0,0,0,0,0,0,0,0,0,0,0,0,0,0,0,0,0,0,0,0,0,0,0,0,0,20,0,20,0,0,0,0,0,0,0,0,0,0,0,0,0,0,0,0,0
"RigautJalabertetal_morphology_expertise_microscopy","RigautJalabertetal","morphology","expertise","microscopy","RigautJalabertetal_morphology_expertise_microscopy_micro33","micro33",NA,"Eukaryota","Ochrophyta","Chromista",NA,NA,NA,"Bacillariophyceae","Coscinodiscales","Coscinodiscaceae","Coscinodiscus","Coscinodiscus sp",80,20,10,20,10,0,20,10,0,0,0,0,0,0,0,0,20,0,0,10,10,0,60,10,0,120,40,0,0,80,40,80,80,0,40,0,0,0,0,0,40,0,160,0,40,80,80,80,120,120,260,60,40,0,20,0,0,0,0,0,0,0,0,0,0,0,0,0,0,0,0,0,0,0,0,0,0,40,0,60,0,0,0,0,20,0,40,0,0,0,0,0,0,0,0,0,0,0,0,0,40,0,0,40,80,40,0,0,0,120,0,0,0,0,0,0,0,20,0,0,0,0,0,40,80,200,40,40,60,0,20,140,0,0,0,120,20,0,80,20,0,0,0,40,0,0,0,0,40,40,0,20,0,0,0,0,0,20,0,0,0,0,0,0,0,0,0,20,0,0,20,20,0,0,40,40,60,100,10,20,0,0,0,0,0,40,0,20,60,0,0,0,0,40,0,0,20,60,10,30,10,0,0,20,20,0,0,0,0,0,0,0,0,20,0,0,20,40,60,20,0,0,0,20,20,0,20,0,40,20,0,0,0,0,0,0,0,0,0,0,0,40,0,20,40,0,20,80,20,0,20,20,40,0,0,0,0,0,0,0,0,0,0,0,0,0,0,0,0,0,0,0
"RigautJalabertetal_morphology_expertise_microscopy","RigautJalabertetal","morphology","expertise","microscopy","RigautJalabertetal_morphology_expertise_microscopy_micro34","micro34",NA,"Eukaryota","Ochrophyta","Chromista",NA,NA,NA,"Bacillariophyceae","Bacillariales","Bacillariaceae","Nitzschia","Cylindrotheca closterium / Nitzschia longissima",200,40,60,20,0,0,0,20,0,0,0,0,80,0,40,1120,240,360,320,120,40,120,0,30,420,320,0,120,1040,100,280,1360,2720,560,280,840,720,480,840,2600,1320,1520,960,1040,700,880,400,0,320,640,100,480,440,40,40,800,1400,560,320,600,80,360,760,480,2320,1080,320,40,320,600,480,680,1600,920,1320,400,920,440,720,720,2160,720,440,200,100,80,120,120,160,80,120,560,360,240,720,1560,2320,2200,2240,2120,2240,2280,2840,2920,1800,2520,1480,720,320,160,1240,560,1680,1120,320,880,880,1200,1360,2000,3920,2400,3360,2520,1140,800,1880,1160,0,680,1480,2960,400,160,120,80,2320,160,240,1320,360,120,280,880,760,1000,1560,1480,1360,1480,1460,1140,2840,2360,680,1240,2120,960,2640,2840,2320,160,440,3680,160,280,240,240,200,1000,640,1360,920,1380,920,300,1160,700,1500,2280,640,520,960,1640,920,240,160,80,0,680,1080,3240,1920,1720,880,600,1440,680,500,1040,1680,2360,1480,560,1240,1520,760,720,3360,1960,440,240,240,480,360,1480,400,800,640,520,520,780,1700,960,0,1560,880,960,920,560,480,560,640,1480,120,280,1000,400,2920,1960,1280,1920,680,480,340,660,540,320,320,480,380,360,440,50,1960,400,0,20,160,1560,40,80,260,760,520,220,280,140,280,560,400,420
"RigautJalabertetal_morphology_expertise_microscopy","RigautJalabertetal","morphology","expertise","microscopy","RigautJalabertetal_morphology_expertise_microscopy_micro35","micro35",NA,"Eukaryota","Ochrophyta","Chromista",NA,NA,NA,"Bacillariophyceae","Rhizosoleniales","Rhizosoleniaceae","Dactyliosolen","Dactyliosolen fragilissimus",0,0,0,0,0,0,0,20,0,40,11420,160,0,0,0,0,0,0,0,0,0,50,0,0,0,0,0,0,0,0,0,0,0,0,0,0,0,0,0,0,0,0,0,0,0,0,0,0,0,0,0,20,0,0,0,40,0,0,0,0,0,0,0,0,320,0,0,0,0,0,0,0,0,0,0,0,0,0,0,0,0,0,0,0,0,120,0,0,0,0,0,0,0,120,0,400,0,0,0,40,0,0,0,0,0,0,4480,18200,14640,3440,1000,60,1120,2000,3200,0,160,3600,0,0,0,0,40,0,0,0,0,0,0,0,0,1440,34080,600,300,0,320,720,1280,1040,560,2840,80,0,0,200,0,120,80,0,0,0,40,0,0,0,0,0,80,280,46160,25640,0,240,3720,640,4300,1040,300,280,60,0,140,40,0,50,0,0,0,0,0,0,0,0,0,2100,720,960,0,940,600,40,580,0,40,0,0,60,0,0,0,60,0,0,80,0,200,1860,37880,160,200,80,180,40,40,6700,100,80,80,60,20,0,0,20,0,30,40,20,0,0,40,600,400,5920,0,20,1120,1820,1340,2020,1140,240,140,0,60,60,0,0,0,0,0,60,20,0,0,6000,42720,1540,240,740,80,2620,60,160,1160,260,200,20,20,0,20,0
"RigautJalabertetal_morphology_expertise_microscopy","RigautJalabertetal","morphology","expertise","microscopy","RigautJalabertetal_morphology_expertise_microscopy_micro36","micro36",NA,"Eukaryota","Ochrophyta","Chromista",NA,NA,NA,"Bacillariophyceae","Rhizosoleniales","Rhizosoleniaceae","Dactyliosolen","Dactyliosolen phuketensis",0,0,0,0,0,0,0,0,0,0,0,0,0,0,0,0,0,0,0,0,0,0,0,0,0,0,0,0,0,0,0,0,0,0,0,0,0,0,0,0,0,0,0,0,0,0,0,0,0,0,0,0,0,0,0,0,0,0,0,0,0,0,0,0,0,0,0,0,0,0,0,0,0,0,0,0,0,0,0,0,0,0,0,0,0,0,0,0,0,0,0,0,0,0,0,0,0,0,0,0,0,0,0,0,0,0,0,0,0,0,0,0,0,0,0,0,0,0,0,0,0,0,0,0,0,0,0,0,0,0,0,0,0,0,0,0,0,0,0,0,0,0,0,60,0,0,0,0,0,0,0,0,0,0,40,0,0,0,0,0,0,0,0,0,0,0,0,0,0,0,0,0,0,0,0,0,0,0,0,0,0,0,0,0,0,0,320,10120,40,0,0,0,0,0,0,0,0,0,0,0,0,0,0,0,0,0,0,0,0,0,0,0,0,0,0,0,0,0,0,0,0,0,0,0,0,0,0,0,0,0,0,0,0,0,0,40,300,0,0,0,0,0,0,0,0,0,0,0,0,0,0,0,0,0,60,100,1160,1100,480,860,0,0,0,0,100,0,0,0,0,0,0,0
"RigautJalabertetal_morphology_expertise_microscopy","RigautJalabertetal","morphology","expertise","microscopy","RigautJalabertetal_morphology_expertise_microscopy_micro37","micro37",NA,"Eukaryota","Ochrophyta","Chromista",NA,NA,NA,"Bacillariophyceae","Rhizosoleniales","Rhizosoleniaceae","Dactyliosolen","Dactyliosolen sp",0,0,0,0,0,0,0,0,0,0,0,0,0,0,0,0,0,0,0,0,0,0,0,0,0,0,0,0,0,0,0,0,40,0,0,0,0,0,0,0,0,0,0,0,0,0,0,0,0,0,0,0,0,0,0,0,0,0,0,0,0,0,0,0,0,0,0,0,0,0,0,0,0,0,0,0,0,0,0,0,0,0,0,0,0,0,0,0,0,0,0,0,0,0,0,0,0,0,0,0,0,0,0,0,0,0,0,0,0,0,0,0,0,0,0,0,0,0,0,0,0,0,0,0,0,0,0,0,0,0,0,0,0,0,0,0,0,0,0,0,0,0,0,0,0,0,0,0,0,0,0,0,0,0,0,0,0,0,0,0,0,0,0,0,0,0,0,0,0,0,0,0,0,0,0,0,0,0,0,0,0,0,0,0,0,0,0,0,0,0,0,0,0,0,0,0,0,0,20,0,0,0,0,0,0,0,0,0,0,0,0,0,0,0,0,0,0,0,0,0,0,0,0,0,0,0,0,0,0,0,0,0,0,0,0,0,0,0,0,0,0,0,0,0,0,0,0,0,0,0,0,0,0,0,0,0,0,0,0,0,0,0,0,0,0,0,0,0,0,0,0,0
"RigautJalabertetal_morphology_expertise_microscopy","RigautJalabertetal","morphology","expertise","microscopy","RigautJalabertetal_morphology_expertise_microscopy_micro38","micro38",NA,"Eukaryota","Ochrophyta","Chromista",NA,NA,NA,"Bacillariophyceae","Rhaponeidales","Rhaphoneidaceae","Delphineis","Delphineis surirella",0,0,0,0,0,0,0,0,0,0,0,0,0,0,0,0,140,0,160,0,0,0,0,0,0,0,0,0,160,0,0,0,0,0,0,0,0,0,0,0,0,960,0,0,0,0,0,0,0,0,0,0,0,0,0,0,0,0,540,600,0,0,0,0,0,0,0,0,0,880,0,0,0,0,0,0,0,0,0,0,160,260,0,0,0,0,0,0,0,0,0,0,0,280,0,0,160,40,240,0,0,160,0,0,280,1160,560,240,0,0,0,120,1200,0,0,0,0,240,0,920,0,0,1080,0,0,80,0,0,0,0,200,0,680,0,0,80,10000,400,400,640,1840,920,700,1680,160,220,200,80,480,0,0,60,0,160,0,480,0,320,0,0,0,0,0,540,1040,320,880,0,0,960,320,240,0,0,0,0,0,0,0,0,0,0,0,0,0,2080,0,0,0,0,440,0,240,0,0,120,160,0,0,0,0,0,0,0,1320,0,0,800,2560,4200,1680,240,280,60,460,1820,1080,2120,160,1760,840,0,200,0,60,40,340,0,400,180,600,520,1420,0,300,280,2560,600,1320,2560,3760,2120,700,1720,720,700,480,260,1200,500,320,380,1040,1040,1040,7480,4400,320,4420,6640,2720,3800,2740,2080,4640,2120,1520,1300,720,620,160,460
"RigautJalabertetal_morphology_expertise_microscopy","RigautJalabertetal","morphology","expertise","microscopy","RigautJalabertetal_morphology_expertise_microscopy_micro39","micro39",NA,"Eukaryota","Ochrophyta","Chromista",NA,NA,NA,"Bacillariophyceae","Thalassiosirales","Skeletonemaceae","Detonula","Detonula pumila",0,0,0,0,0,0,0,0,0,0,0,0,0,0,0,0,0,0,0,0,0,0,0,0,0,0,0,0,0,0,0,0,0,0,0,0,0,0,0,0,0,0,0,0,0,0,0,0,0,0,0,0,0,0,0,0,0,0,0,0,0,0,0,0,0,0,0,0,0,0,0,0,0,0,0,0,0,0,0,0,0,0,0,0,0,0,0,0,0,0,0,0,0,0,0,0,0,0,0,0,0,0,0,0,0,0,0,0,0,0,0,0,0,0,0,0,0,0,0,0,0,0,0,0,0,0,0,0,0,0,0,0,860,0,0,0,0,0,0,0,0,0,0,0,0,0,0,0,0,0,0,0,0,0,0,0,0,0,0,0,0,0,0,0,0,0,0,0,0,0,0,0,0,0,0,0,0,0,0,0,0,0,0,0,0,160,0,720,0,0,0,0,0,0,0,0,0,0,0,0,0,0,0,0,0,0,0,0,0,0,0,0,0,0,0,0,0,0,0,0,0,0,0,0,0,0,0,0,0,0,160,20,0,0,0,0,1060,540,0,120,0,0,0,0,0,0,0,0,0,0,0,0,0,0,0,0,0,0,0,0,0,20960,0,0,0,0,0,0,0,0,0,0
"RigautJalabertetal_morphology_expertise_microscopy","RigautJalabertetal","morphology","expertise","microscopy","RigautJalabertetal_morphology_expertise_microscopy_micro40","micro40",NA,"Eukaryota","Ochrophyta","Chromista",NA,NA,NA,"Bacillariophyceae","Naviculales","Diploneidaceae","Diploneis","Diploneis sp",760,60,180,140,60,100,90,60,10,30,10,20,80,80,360,480,420,400,900,120,100,50,300,70,820,960,460,200,400,60,400,220,320,80,0,0,80,40,40,400,400,240,840,760,680,620,1400,1000,900,440,820,220,240,260,20,240,200,200,220,120,560,520,80,440,360,600,280,1240,600,1000,1040,1880,1440,760,1360,1160,800,920,400,320,280,120,80,40,120,40,400,160,320,80,200,320,640,880,960,1280,2920,600,520,560,5720,440,80,120,320,80,60,200,1280,560,1040,1200,320,480,20,160,160,240,480,440,240,400,360,360,440,320,240,200,40,120,80,0,240,80,0,80,80,40,40,20,40,440,20,200,40,160,40,20,160,40,0,20,0,80,0,0,40,0,0,40,0,0,0,0,120,40,80,40,80,0,60,40,100,40,0,20,60,80,30,40,0,20,120,0,40,0,40,40,80,40,80,40,200,360,160,280,280,40,100,180,40,60,50,0,0,20,0,40,20,20,0,0,0,0,60,80,140,180,120,80,160,60,140,80,60,50,80,0,0,0,40,20,20,40,0,20,0,40,20,120,20,0,80,120,80,80,80,60,60,20,20,20,40,80,20,40,80,20,40,40,0,40,40,80,120,60,20,60,20,100,20,60
"RigautJalabertetal_morphology_expertise_microscopy","RigautJalabertetal","morphology","expertise","microscopy","RigautJalabertetal_morphology_expertise_microscopy_micro41","micro41",NA,"Eukaryota","Ochrophyta","Chromista",NA,NA,NA,"Bacillariophyceae","Lithodesmiales","Lithodesmiaceae","Ditylum","Ditylum brightwellii",0,0,0,0,0,100,250,20,0,0,0,0,0,0,0,0,0,0,0,0,0,0,0,0,0,0,20,40,40,160,720,1840,1720,0,40,80,0,0,80,0,0,0,0,0,0,0,0,40,0,0,0,60,120,0,580,8720,920,240,0,20,0,0,0,0,0,0,0,0,0,0,0,0,40,0,0,20,160,120,1080,480,160,20,40,0,0,0,0,0,0,0,0,0,0,0,0,0,0,20,20,0,0,0,120,160,400,160,400,400,160,80,0,0,0,0,0,0,0,0,0,0,0,0,0,0,0,0,0,20,20,120,80,480,1040,160,160,20,20,0,0,0,0,0,0,20,0,0,0,0,0,0,20,0,100,320,360,780,300,200,200,140,340,140,0,0,0,0,0,0,0,0,0,0,0,0,0,0,0,0,80,160,280,560,300,320,200,0,0,0,0,0,0,0,0,0,0,0,60,60,50,50,60,300,240,180,260,80,20,20,0,20,0,20,0,0,0,0,0,0,0,0,0,0,0,0,30,30,340,260,1120,320,80,20,0,0,0,0,0,0,0,0,0,0,0,0,0,120,20,60,180,120,220,380,400,200,20,380,0,0,0,0,0,0,0,0,0,0,0,0,0,0,0,0
"RigautJalabertetal_morphology_expertise_microscopy","RigautJalabertetal","morphology","expertise","microscopy","RigautJalabertetal_morphology_expertise_microscopy_micro42","micro42",NA,"Eukaryota","Ochrophyta","Chromista",NA,NA,NA,"Bacillariophyceae","Hemiaulales","Hemiaulaceae","Eucampia","Eucampia zodiacus",0,0,0,0,0,0,0,0,0,0,0,0,0,0,0,0,0,0,0,0,0,0,0,0,0,0,0,0,0,0,0,0,0,0,0,0,0,0,0,0,0,0,0,0,0,0,0,0,0,0,0,0,0,0,0,0,0,0,0,0,0,0,0,0,0,0,0,0,0,0,0,0,0,0,0,0,0,0,0,0,0,0,0,0,0,0,0,0,0,0,0,0,0,0,0,0,0,0,0,0,0,0,0,0,0,0,0,0,0,0,0,0,0,0,0,0,0,0,0,0,0,0,0,0,0,0,0,0,0,0,0,0,0,0,0,0,0,0,0,0,0,0,0,0,0,0,0,0,0,0,0,0,0,0,0,0,0,0,0,0,0,0,0,0,0,0,0,0,0,0,0,0,0,0,0,0,0,0,0,0,0,0,0,0,0,0,0,0,0,0,0,0,0,0,0,0,0,0,0,0,0,0,0,0,0,0,0,0,0,0,0,0,0,0,0,20,0,0,0,0,0,0,0,0,0,0,0,0,0,0,0,0,0,0,0,0,0,0,0,0,0,0,0,0,0,0,0,0,0,0,0,0,0,0,0,0,0,0,0,0,0,0,0,0,0,0,0,0,0,0,0,0
"RigautJalabertetal_morphology_expertise_microscopy","RigautJalabertetal","morphology","expertise","microscopy","RigautJalabertetal_morphology_expertise_microscopy_micro43","micro43",NA,"Eukaryota","Ochrophyta","Chromista",NA,NA,NA,"Bacillariophyceae","Striatellales","Striatellaceae","Grammatophora","Grammatophora marina",0,10,20,0,0,0,10,0,0,10,0,0,0,0,0,0,0,20,0,0,10,0,0,10,0,120,20,0,0,0,0,80,0,0,40,0,0,0,0,0,0,0,0,0,20,0,20,0,0,0,40,0,0,80,0,0,0,0,0,0,0,0,0,0,0,0,0,0,0,0,120,200,40,20,0,0,0,0,0,0,0,0,0,0,0,0,0,0,0,0,0,0,0,0,0,40,0,0,0,0,0,80,0,40,40,40,40,0,0,0,80,0,0,0,0,0,0,0,0,0,160,600,0,80,0,0,0,0,0,0,0,0,0,0,0,0,20,0,0,0,0,0,0,20,0,80,0,40,0,0,60,0,0,0,0,0,0,0,80,0,0,0,0,0,0,0,0,0,20,20,40,0,20,0,0,20,20,0,0,20,0,0,0,0,0,0,0,0,0,0,0,0,0,0,0,0,0,0,0,0,0,0,0,0,0,0,0,0,0,0,0,0,0,0,0,0,0,0,0,0,0,0,0,0,0,0,0,0,0,0,0,0,0,0,0,0,0,0,0,0,0,0,0,0,0,0,0,0,0,0,0,0,0,0,0,0,0,0,0,0,0,0,0,0,0,0,0,0,0,0,0,0
"RigautJalabertetal_morphology_expertise_microscopy","RigautJalabertetal","morphology","expertise","microscopy","RigautJalabertetal_morphology_expertise_microscopy_micro44","micro44",NA,"Eukaryota","Ochrophyta","Chromista",NA,NA,NA,"Bacillariophyceae","Striatellales","Striatellaceae","Grammatophora","Grammatophora oceanica",0,0,0,0,0,0,0,0,0,0,0,0,0,0,0,0,0,0,0,0,0,0,0,0,20,40,20,0,0,0,0,0,0,0,0,0,0,0,0,0,0,0,0,0,0,40,40,20,0,0,0,0,0,0,0,0,0,0,0,0,0,0,0,0,0,20,0,0,0,0,0,0,0,0,0,0,0,0,0,120,0,0,0,0,0,0,0,0,0,0,0,0,0,0,40,0,0,0,0,80,0,0,0,0,0,0,0,0,0,0,0,0,0,0,0,0,0,0,20,0,0,0,20,0,0,0,0,0,0,0,20,0,0,0,0,0,0,0,0,0,0,0,0,0,0,0,0,0,0,20,0,0,0,0,0,0,0,0,0,0,0,0,0,0,0,0,0,0,0,40,80,40,0,0,0,0,0,0,0,0,0,0,0,0,0,0,0,0,0,0,0,0,0,0,0,0,0,0,0,0,0,0,0,0,0,0,0,0,0,0,0,0,0,0,0,0,0,0,0,0,0,0,0,0,0,0,0,0,0,0,0,0,0,0,0,0,0,0,0,0,0,0,0,0,0,0,0,0,0,0,0,0,0,0,0,0,0,0,0,0,0,0,0,0,0,0,0,0,0,0,0,0
"RigautJalabertetal_morphology_expertise_microscopy","RigautJalabertetal","morphology","expertise","microscopy","RigautJalabertetal_morphology_expertise_microscopy_micro45","micro45",NA,"Eukaryota","Ochrophyta","Chromista",NA,NA,NA,"Bacillariophyceae","Striatellales","Striatellaceae","Grammatophora","Grammatophora serpentina",20,0,0,0,0,0,0,0,0,0,0,0,0,0,0,0,0,0,0,0,0,0,0,0,0,40,40,0,0,0,0,0,0,0,0,0,0,0,0,0,0,0,0,0,0,0,0,20,0,0,0,0,0,0,0,0,0,0,0,0,0,0,0,0,0,0,0,0,0,0,0,40,0,0,0,40,0,40,0,0,0,0,0,0,0,0,0,0,0,0,0,0,0,0,20,0,40,40,0,0,0,0,0,0,0,0,0,0,0,0,0,0,0,0,0,0,0,0,0,20,0,20,0,0,0,0,0,0,0,0,0,0,0,0,0,0,0,0,0,0,0,0,0,0,0,0,0,0,0,0,0,0,0,0,0,0,0,0,0,0,0,0,0,0,0,0,0,0,0,0,20,0,0,0,0,0,0,0,0,0,0,0,0,0,0,0,0,0,0,0,0,0,0,0,0,0,0,0,0,0,0,0,0,0,0,0,0,0,0,0,0,0,0,0,0,0,0,0,0,0,0,0,0,0,0,0,0,0,0,0,0,0,0,0,0,0,0,0,0,0,0,0,0,0,0,0,0,0,0,0,0,0,0,0,0,0,0,0,0,0,0,0,0,0,0,0,0,0,0,0,0,0
"RigautJalabertetal_morphology_expertise_microscopy","RigautJalabertetal","morphology","expertise","microscopy","RigautJalabertetal_morphology_expertise_microscopy_micro46","micro46",NA,"Eukaryota","Ochrophyta","Chromista",NA,NA,NA,"Bacillariophyceae","Striatellales","Striatellaceae","Grammatophora","Grammatophora sp",0,0,0,10,0,20,0,10,0,0,0,0,0,0,80,0,0,0,0,0,0,0,80,0,0,0,0,0,40,0,0,0,0,0,0,0,0,0,0,0,0,0,0,0,0,0,0,0,120,0,0,20,0,0,0,80,40,0,0,0,0,0,0,0,0,0,0,0,40,0,0,0,80,40,0,0,0,0,0,0,0,0,0,0,40,0,0,0,0,0,0,0,80,0,0,0,80,0,40,0,80,0,0,0,0,0,40,40,0,80,0,160,80,0,0,0,0,0,0,0,0,0,0,0,80,0,0,0,0,20,0,0,0,0,0,0,40,0,0,0,0,0,0,0,0,0,0,0,0,0,0,0,0,0,0,0,0,0,0,40,0,0,0,0,0,0,0,0,0,0,0,0,0,0,20,0,0,40,0,0,0,0,0,0,0,0,0,0,0,0,0,0,0,0,0,0,0,0,0,0,0,0,0,0,0,0,0,0,0,0,0,0,0,0,0,0,0,0,0,0,0,0,0,0,0,0,0,0,0,0,0,0,0,0,0,0,0,0,0,0,0,0,0,0,0,0,0,0,0,0,0,0,0,0,0,0,0,0,0,0,0,0,0,0,0,0,0,0,0,0,0,0
"RigautJalabertetal_morphology_expertise_microscopy","RigautJalabertetal","morphology","expertise","microscopy","RigautJalabertetal_morphology_expertise_microscopy_micro47","micro47",NA,"Eukaryota","Ochrophyta","Chromista",NA,NA,NA,"Bacillariophyceae","Rhizosoleniales","Rhizosoleniaceae","Guinardia","Guinardia delicatula",0,0,0,0,0,0,0,20,0,0,12560,2720,3040,29520,2280,40000,80,2480,380,80,140,180,40,0,0,0,0,0,0,0,0,80,240,0,140,11280,8560,8320,1680,3600,2120,120,40,40,40,0,0,20,0,0,0,0,60,0,0,0,40,115680,2780,280,6760,27840,15080,1080,2120,3720,23880,6760,160,0,0,0,40,160,0,0,0,0,120,140,760,40,30120,121560,0,1920,0,7480,34040,10840,5680,16360,360,2160,40,160,0,0,440,0,240,0,0,0,160,0,0,160,1840,7520,2800,1760,1200,9760,127960,0,8080,15520,240,360,100,1720,260,0,0,0,0,0,0,0,0,0,200,10800,29040,400,1840,6080,9680,3480,7720,2480,540,1900,180,360,0,0,20,0,0,0,0,0,0,120,0,0,0,0,160,2280,60,5600,170200,2320,1660,6360,6640,940,200,0,0,80,0,30,0,0,0,0,0,0,0,0,0,33280,1640,8000,2400,4820,2520,2460,2160,920,40,40,200,60,190,40,0,0,0,80,300,300,6580,260,520,180,11480,32480,640,0,320,10900,1400,520,2560,960,0,40,180,0,0,0,120,0,0,0,360,1220,1780,86960,80,1140,9520,12540,3520,8500,1340,160,100,200,100,20,0,40,0,0,0,20,0,100,200,5200,112680,17120,2520,25520,2300,10500,310,2300,16340,1220,2060,720,180,0,200,0
"RigautJalabertetal_morphology_expertise_microscopy","RigautJalabertetal","morphology","expertise","microscopy","RigautJalabertetal_morphology_expertise_microscopy_micro48","micro48",NA,"Eukaryota","Ochrophyta","Chromista",NA,NA,NA,"Bacillariophyceae","Rhizosoleniales","Rhizosoleniaceae","Guinardia","Guinardia flaccida",0,0,0,0,0,0,0,0,0,0,0,80,600,960,440,480,0,80,60,0,0,0,0,0,0,0,0,0,0,0,0,0,0,0,0,0,0,0,280,0,0,0,0,0,0,0,0,0,0,0,0,0,0,0,0,0,0,0,0,0,0,3840,1000,0,20,100,200,320,0,20,0,0,40,0,0,0,0,0,0,0,160,0,0,0,0,0,0,520,13040,120,240,1720,40,20,0,0,0,0,0,0,0,0,0,0,0,0,0,0,0,0,0,0,320,2160,800,80,480,560,0,0,0,0,0,0,0,0,0,0,0,0,0,0,0,0,0,0,0,0,1540,20,360,280,80,60,0,0,0,0,0,0,0,0,0,0,0,0,0,0,0,0,0,0,0,0,280,440,440,520,40,0,0,0,0,0,0,0,0,0,0,0,0,0,0,0,0,240,60,200,40,0,0,20,0,80,0,0,0,0,0,0,0,0,0,0,0,0,0,0,0,0,0,1600,100,0,0,40,20,0,0,0,0,0,0,0,0,0,0,0,0,0,0,0,0,0,0,0,20,20,80,220,160,40,0,0,40,0,0,0,0,0,0,0,0,0,0,0,160,260,200,320,380,1860,0,100,200,120,80,0,0,0,0,0
"RigautJalabertetal_morphology_expertise_microscopy","RigautJalabertetal","morphology","expertise","microscopy","RigautJalabertetal_morphology_expertise_microscopy_micro49","micro49",NA,"Eukaryota","Ochrophyta","Chromista",NA,NA,NA,"Bacillariophyceae","Rhizosoleniales","Rhizosoleniaceae","Guinardia","Guinardia striata",0,0,0,0,0,0,0,0,0,0,0,80,0,400,200,124640,100,280,0,0,0,0,0,0,0,0,0,0,0,0,0,0,0,0,0,200,1320,0,0,160,0,0,0,0,0,0,0,0,0,0,0,0,0,0,0,0,0,160,0,0,0,120,80,0,20,240,1960,0,0,0,0,0,0,0,0,0,0,0,0,0,0,0,0,0,0,0,0,600,440,0,0,80,0,0,0,0,0,0,0,0,20,0,0,0,0,0,0,0,0,640,0,0,160,2880,960,420,10880,5040,0,0,0,0,0,0,0,0,0,0,0,0,0,0,0,0,0,0,0,40,1360,220,560,360,620,5480,0,0,0,0,0,0,0,0,0,0,0,0,0,0,0,0,0,40,0,0,0,80,40,0,0,0,0,0,0,0,0,0,0,0,0,0,0,0,0,0,0,0,0,0,0,120,20,40,180,80,0,0,0,0,0,0,0,0,0,0,0,0,0,0,0,0,100,1280,6480,0,0,300,40,0,0,0,0,0,0,0,0,0,0,0,0,0,0,0,0,0,0,0,0,60,0,80,1140,760,0,0,0,0,0,0,0,0,0,0,0,0,0,0,0,0,0,0,0,1420,2040,2540,1960,300,240,0,0,0,0,0
"RigautJalabertetal_morphology_expertise_microscopy","RigautJalabertetal","morphology","expertise","microscopy","RigautJalabertetal_morphology_expertise_microscopy_micro50","micro50",NA,"Eukaryota","Ochrophyta","Chromista",NA,NA,NA,"Bacillariophyceae","Naviculales","Naviculaceae","Haslea","Haslea sp",0,0,0,0,0,0,0,0,0,0,0,80,160,160,240,560,20,0,20,0,0,0,0,0,0,0,0,0,0,0,0,0,0,0,0,0,0,0,0,0,0,0,0,0,0,0,0,0,0,0,0,0,0,0,0,0,0,0,0,40,0,0,0,0,0,0,0,0,0,0,0,0,0,0,0,0,0,0,0,0,0,0,0,0,0,0,0,0,0,0,0,0,0,0,0,0,0,0,0,0,0,0,0,0,0,0,0,40,0,0,40,80,160,40,0,80,20,20,0,0,0,0,0,0,0,0,0,0,0,0,0,0,0,0,0,0,0,40,320,480,520,40,20,0,0,0,0,0,0,0,0,0,0,0,0,0,0,0,0,0,0,0,0,0,0,0,20,20,0,40,60,0,0,0,0,20,0,20,0,0,0,0,0,0,0,0,0,20,20,40,260,20,60,0,0,0,0,0,0,0,10,0,0,0,0,0,0,0,0,0,0,0,0,100,40,0,0,20,40,20,0,0,0,0,0,0,0,0,0,0,0,0,0,0,0,20,180,100,60,0,40,0,0,0,0,0,0,20,0,0,0,0,0,0,0,0,0,0,0,40,20,100,0,40,40,0,0,0,0,0,0,0
"RigautJalabertetal_morphology_expertise_microscopy","RigautJalabertetal","morphology","expertise","microscopy","RigautJalabertetal_morphology_expertise_microscopy_micro51","micro51",NA,"Eukaryota","Ochrophyta","Chromista",NA,NA,NA,"Bacillariophyceae","Lithodesmiales","Lithodesmiaceae","Helicotheca","Helicotheca tamesis",0,0,0,0,0,0,0,10,0,0,0,0,0,0,0,0,0,0,0,0,10,10,20,30,40,0,0,0,0,0,0,0,0,0,0,0,0,0,0,0,0,0,80,80,0,0,80,0,0,0,0,0,0,0,0,0,0,0,0,0,0,0,0,0,0,0,0,0,40,20,20,40,0,0,0,0,0,0,0,0,0,0,0,0,0,0,0,0,0,0,0,0,0,40,120,40,20,40,80,0,0,0,0,0,0,0,0,320,0,0,0,0,0,0,0,0,0,0,120,120,0,0,20,20,60,40,0,0,0,0,0,0,0,0,0,0,0,0,0,0,0,0,0,0,0,0,80,40,80,0,20,20,0,0,0,0,0,0,0,0,0,0,0,0,0,0,0,0,0,40,160,0,20,20,0,0,0,0,0,0,0,0,0,0,80,0,0,0,0,0,0,0,0,100,80,20,60,40,0,0,0,0,0,20,0,0,60,0,0,0,20,0,0,0,0,0,0,0,0,0,0,60,0,0,0,0,0,20,0,0,0,220,0,0,0,0,0,0,0,0,0,40,0,0,0,0,0,0,40,0,0,0,0,80,0,0,0,0,0,0,0,0,0,0,0,80,40,40,60,0,40,0
"RigautJalabertetal_morphology_expertise_microscopy","RigautJalabertetal","morphology","expertise","microscopy","RigautJalabertetal_morphology_expertise_microscopy_micro52","micro52",NA,"Eukaryota","Ochrophyta","Chromista",NA,NA,NA,"Bacillariophyceae","Hemiaulales","Hemiaulaceae","Hemiaulus","Hemiaulus sp",0,0,0,0,0,0,0,0,0,0,0,0,0,0,0,0,0,0,0,0,0,0,0,0,0,0,0,0,0,0,0,0,0,0,0,0,0,0,0,0,0,0,0,0,0,0,0,0,0,0,0,0,0,0,0,0,0,0,0,0,0,0,0,0,0,0,0,0,0,0,0,0,0,0,0,0,0,0,0,0,0,0,0,0,0,0,0,0,0,0,0,0,0,0,0,0,0,0,0,0,0,0,0,0,0,0,0,0,0,0,0,0,0,0,0,0,0,0,0,0,0,0,0,0,0,0,0,0,0,0,0,0,0,0,0,0,0,0,0,0,0,0,0,0,0,0,0,0,0,0,0,0,0,0,0,0,0,0,0,0,0,0,0,0,0,0,0,0,0,0,0,0,0,0,0,0,0,0,0,0,0,0,0,0,0,0,0,0,0,0,0,0,0,0,0,0,0,0,0,0,0,0,0,0,0,0,0,0,0,0,0,0,0,0,0,0,0,0,0,0,0,0,0,0,0,0,0,0,0,0,0,0,0,0,0,20,0,0,0,0,0,0,0,0,0,0,0,0,0,0,0,0,0,0,0,0,0,0,0,0,0,0,0,0,0,0,0,0,0,0,0,0
"RigautJalabertetal_morphology_expertise_microscopy","RigautJalabertetal","morphology","expertise","microscopy","RigautJalabertetal_morphology_expertise_microscopy_micro53","micro53",NA,"Eukaryota","Ochrophyta","Chromista",NA,NA,NA,"Bacillariophyceae","Biddulphiales","Biddulphiaceae","Isthmia","Isthmia sp",0,0,0,0,0,0,0,0,0,0,0,0,0,0,0,0,0,0,0,0,0,0,0,0,0,0,0,0,0,0,0,0,0,0,0,0,0,0,0,0,0,0,0,0,0,0,0,0,0,0,0,0,0,0,0,0,0,0,0,0,0,0,0,0,0,0,0,0,0,0,0,0,0,0,0,0,0,0,0,0,0,0,0,0,0,0,0,0,0,0,0,0,0,0,0,0,0,0,0,20,0,0,0,0,0,0,0,0,0,0,0,0,0,0,0,0,0,0,0,0,0,0,0,0,0,0,0,0,20,0,0,0,0,0,0,0,0,0,0,0,0,0,0,0,0,0,0,0,0,0,0,0,0,0,0,0,0,0,0,0,0,0,0,0,0,0,0,0,0,0,0,0,0,0,0,0,0,0,0,0,0,0,0,0,0,0,0,0,0,0,0,0,0,0,0,0,0,0,10,0,0,0,0,0,0,0,0,0,0,0,0,0,0,0,0,0,0,0,0,0,0,0,0,0,0,0,0,0,0,0,0,0,0,0,0,0,0,0,0,0,0,0,0,0,0,0,0,0,0,0,0,0,0,0,0,0,0,0,0,0,0,0,0,0,0,0,0,0,0,0,0,0
"RigautJalabertetal_morphology_expertise_microscopy","RigautJalabertetal","morphology","expertise","microscopy","RigautJalabertetal_morphology_expertise_microscopy_micro54","micro54",NA,"Eukaryota","Ochrophyta","Chromista",NA,NA,NA,"Bacillariophyceae","Thalassiosirales","Lauderiaceae","Lauderia","Lauderia annulata",40,20,0,60,120,80,0,0,0,0,0,0,80,880,120,100,60,20,120,10,0,0,0,10,160,240,160,680,160,1940,1200,680,680,80,460,920,2280,1440,600,200,160,1400,2080,960,20,0,20,0,0,480,120,60,0,240,360,1160,240,280,0,720,120,200,0,0,0,160,440,760,40,80,0,0,0,40,40,60,40,80,160,40,0,40,0,0,0,0,40,0,80,0,0,0,0,80,0,0,0,80,320,200,160,440,0,0,0,0,4600,13960,5920,0,80,0,0,0,240,0,0,0,0,0,100,60,80,20,80,0,240,360,560,280,600,440,970,720,0,40,160,0,80,280,40,0,0,0,0,60,0,40,160,160,140,140,100,720,360,0,0,0,0,0,0,20,0,0,0,0,0,0,0,0,40,40,0,0,0,50,0,0,0,0,0,0,0,0,120,1080,740,600,0,80,460,220,240,240,20,160,180,40,40,0,50,40,480,840,480,0,300,60,0,60,0,120,20,0,0,160,180,0,320,140,280,220,80,200,170,190,240,460,760,460,780,440,40,0,0,400,960,220,0,0,0,0,20,80,80,20,20,40,60,180,160,620,520,0,40,7120,580,0,0,0,0,20,40,0,0,0,20,40,120,160,360,140
"RigautJalabertetal_morphology_expertise_microscopy","RigautJalabertetal","morphology","expertise","microscopy","RigautJalabertetal_morphology_expertise_microscopy_micro55","micro55",NA,"Eukaryota","Ochrophyta","Chromista",NA,NA,NA,"Bacillariophyceae","Leptocylindrales","Leptocylindraceae","Leptocylindrus","Leptocylindrus danicus",0,0,0,0,0,0,0,0,0,0,240,0,360,720,1200,4400,0,680,160,0,0,0,0,0,60,0,0,0,0,0,0,0,0,0,20,6800,5600,1400,920,0,0,0,0,0,0,0,0,0,0,0,0,0,0,0,0,0,0,0,0,0,0,0,0,0,40,80,0,0,0,0,0,0,0,0,0,0,0,0,0,0,0,40,1200,4440,0,520,160,3840,1080,1760,40,400,120,80,0,0,0,0,0,0,0,0,0,0,0,0,240,420,80,2960,0,160,560,4480,15520,80,5840,1360,0,0,0,0,0,0,0,0,0,0,0,0,0,560,720,320,0,0,0,520,320,400,1360,280,0,80,0,0,40,0,0,560,20,0,0,0,0,0,0,200,0,120,0,0,0,1040,1640,320,200,680,160,80,0,0,0,0,0,0,0,80,0,0,0,0,0,0,0,1240,10880,7200,40,980,840,500,0,80,0,0,0,80,60,0,0,0,0,0,0,0,0,0,520,0,40,420,0,280,80,5100,20,0,0,0,0,0,0,0,0,0,320,0,0,0,0,140,0,40,0,520,3460,2880,160,20,0,0,0,0,0,0,0,0,0,0,0,0,0,0,0,640,1000,200,200,1000,1220,21000,280,100,0,80,0,0,40,0,40,20
"RigautJalabertetal_morphology_expertise_microscopy","RigautJalabertetal","morphology","expertise","microscopy","RigautJalabertetal_morphology_expertise_microscopy_micro56","micro56",NA,"Eukaryota","Ochrophyta","Chromista",NA,NA,NA,"Bacillariophyceae","Leptocylindrales","Leptocylindraceae","Leptocylindrus","Leptocylindrus minimus",0,0,0,0,0,0,0,0,0,0,0,0,0,0,0,0,0,0,0,0,0,0,0,0,0,0,0,0,0,0,0,0,80,0,0,0,0,0,0,0,0,0,0,0,0,0,0,0,0,0,0,0,0,0,0,0,0,0,0,0,0,0,0,0,0,0,0,0,0,0,0,0,0,0,0,0,0,0,0,0,0,0,0,0,0,0,0,0,0,1840,0,0,0,160,0,0,0,0,0,0,0,0,0,0,0,0,0,0,240,0,0,0,0,120,320,0,0,0,0,0,0,0,0,0,0,0,0,0,0,0,0,0,0,0,0,0,0,0,0,0,0,0,0,0,0,0,0,0,0,160,0,0,0,0,0,0,0,0,0,0,0,0,0,0,0,0,0,0,0,0,0,0,0,0,0,0,0,0,0,0,0,0,0,0,0,0,9000,880,280,500,420,0,0,0,0,0,0,0,0,0,0,0,0,0,0,60,80,0,560,0,0,4400,560,140,0,0,0,0,0,0,0,0,0,0,0,0,0,0,0,0,0,80,40,0,0,0,2680,4360,440,360,0,0,0,0,0,0,0,0,0,0,0,0,0,0,0,0,0,0,0,0,180,3040,40,240,0,0,0,0,0,0,0,0
"RigautJalabertetal_morphology_expertise_microscopy","RigautJalabertetal","morphology","expertise","microscopy","RigautJalabertetal_morphology_expertise_microscopy_micro57","micro57",NA,"Eukaryota","Ochrophyta","Chromista",NA,NA,NA,"Bacillariophyceae","Licmophorales","Licmophoraceae","Licmophora","Licmophora sp",0,0,0,0,0,0,0,0,0,0,0,0,0,0,0,0,0,0,0,0,0,0,0,0,0,0,0,0,0,0,0,40,0,0,0,0,0,0,0,0,40,0,0,0,0,0,0,0,0,0,0,0,0,0,0,40,40,0,0,0,0,0,0,0,0,0,0,0,0,0,0,0,0,0,0,0,0,0,0,40,40,0,40,0,0,0,0,0,0,0,0,0,0,0,20,0,0,20,0,0,0,0,0,0,40,40,0,40,0,0,0,0,0,0,80,0,0,0,0,0,0,0,0,0,0,0,0,0,0,0,0,240,20,0,0,0,0,40,0,40,0,0,0,0,0,0,0,0,0,0,0,0,0,0,0,0,20,0,0,80,0,0,0,0,0,20,0,40,0,0,0,0,20,0,0,0,0,0,0,0,40,0,0,0,0,0,0,0,0,0,0,0,0,0,0,0,0,0,0,0,0,0,0,0,0,0,0,0,0,0,0,0,0,0,0,0,0,0,20,0,0,0,0,0,0,0,0,0,0,0,0,0,0,0,0,0,0,0,0,0,0,0,0,0,20,0,20,0,20,0,0,0,0,0,40,20,0,0,0,0,0,20,0,0,0,0,0,0,0,0,0,0
"RigautJalabertetal_morphology_expertise_microscopy","RigautJalabertetal","morphology","expertise","microscopy","RigautJalabertetal_morphology_expertise_microscopy_micro58","micro58",NA,"Eukaryota","Ochrophyta","Chromista",NA,NA,NA,"Bacillariophyceae","Naviculales",NA,NA,"Navicula / Lyrella / Pinnularia",300,110,220,200,200,140,0,20,90,30,20,240,200,320,180,420,60,120,720,130,80,100,100,110,1540,1840,1020,920,480,380,800,1800,1000,320,420,2160,1280,1720,1400,840,760,1000,1240,840,940,880,1180,1360,1060,1520,1200,740,540,300,80,320,480,240,120,360,40,200,200,320,440,480,120,40,200,320,560,600,560,400,600,320,440,200,80,60,280,180,120,0,280,40,120,0,80,0,0,80,80,240,400,600,960,440,240,420,1400,520,320,40,160,1240,360,120,2480,1060,1640,480,640,160,0,20,2640,960,1200,920,1000,1200,400,40,440,760,600,440,240,320,360,320,160,180,180,300,640,240,0,640,20,40,120,220,360,560,300,640,760,580,620,820,900,760,720,40,320,240,1140,1400,400,120,120,480,400,120,680,600,580,280,520,320,300,180,460,590,710,980,820,960,680,720,880,960,720,140,20,220,440,300,300,100,420,520,1040,1040,440,520,260,330,260,560,440,800,1120,880,400,520,40,600,100,3060,240,80,80,200,240,600,160,180,280,580,520,500,570,290,520,0,480,400,120,200,320,120,40,340,160,100,120,280,260,500,400,320,780,1100,400,520,500,500,240,80,440,120,140,400,40,60,120,340,53.33333333,240,80,100,160,160,20,240,240,60,20,360
"RigautJalabertetal_morphology_expertise_microscopy","RigautJalabertetal","morphology","expertise","microscopy","RigautJalabertetal_morphology_expertise_microscopy_micro59","micro59",NA,"Eukaryota","Ochrophyta","Chromista",NA,NA,NA,"Bacillariophyceae","Melosirales","Melosiraceae","Melosira","Melosira sp",200,0,0,0,0,0,0,0,0,0,0,0,0,0,0,0,0,0,0,0,0,0,0,0,0,0,0,0,0,0,0,0,0,0,0,0,0,0,0,0,0,0,0,0,0,0,0,0,0,0,0,0,0,0,0,0,0,0,0,0,0,0,0,0,0,0,0,0,0,0,0,0,0,0,0,0,0,0,0,0,0,0,0,0,0,0,0,0,0,0,0,0,40,0,0,0,0,0,0,0,0,0,0,0,0,0,0,0,0,0,0,0,0,0,0,0,0,0,0,0,0,0,0,0,0,0,0,0,0,0,0,0,0,0,0,0,0,0,0,0,0,0,0,0,0,0,0,0,0,0,0,0,0,0,0,0,0,0,0,0,0,0,0,0,0,0,0,0,0,0,0,0,0,0,0,0,0,0,0,0,0,0,0,0,0,0,0,0,0,0,0,0,0,0,0,0,0,0,0,0,0,0,0,0,0,0,0,0,0,0,0,0,0,0,0,0,0,0,0,0,0,0,0,0,0,0,0,0,0,0,0,0,0,0,0,0,0,0,0,0,140,0,0,240,0,0,0,0,0,0,0,0,0,0,0,0,0,0,0,0,0,0,0,0,0,0,0,0,0,0,0,0
"RigautJalabertetal_morphology_expertise_microscopy","RigautJalabertetal","morphology","expertise","microscopy","RigautJalabertetal_morphology_expertise_microscopy_micro60","micro60",NA,"Eukaryota","Ochrophyta","Chromista",NA,NA,NA,"Bacillariophyceae","Naviculales","Naviculaceae","Meuniera","Meuniera membranacea",0,40,0,0,0,0,0,0,0,0,0,0,0,20,200,100,0,0,0,0,0,0,0,0,0,0,0,0,0,0,0,0,0,0,0,0,0,0,0,0,0,0,0,0,0,0,0,80,0,0,0,0,0,0,0,0,0,0,0,0,0,0,0,0,0,0,0,240,0,0,0,0,0,0,0,0,0,0,0,0,0,0,0,0,0,0,0,0,0,0,0,0,0,0,0,80,0,0,0,0,0,0,0,0,0,0,0,0,0,0,0,0,0,0,0,0,0,0,0,0,0,0,0,0,0,0,0,0,0,0,0,0,0,0,0,0,0,0,0,0,0,0,0,0,0,0,0,0,0,0,0,0,0,0,0,0,0,0,0,0,0,0,0,0,0,0,0,0,0,0,0,0,0,0,0,0,0,0,0,0,0,0,0,0,0,0,0,0,0,0,300,160,0,0,0,0,0,0,0,0,0,0,0,0,0,0,140,0,0,0,0,520,1080,340,0,80,0,0,0,0,0,0,0,0,0,0,0,0,0,0,0,0,0,0,0,0,0,60,0,0,0,0,0,0,0,0,180,0,0,0,0,0,0,0,0,0,0,0,0,0,0,180,860,0,0,160,400,640,0,0,0,0
"RigautJalabertetal_morphology_expertise_microscopy","RigautJalabertetal","morphology","expertise","microscopy","RigautJalabertetal_morphology_expertise_microscopy_micro61","micro61",NA,"Eukaryota","Ochrophyta","Chromista",NA,NA,NA,"Bacillariophyceae","Naviculales","Naviculaceae","Navicula","Navicula transitans",840,60,160,80,220,140,70,50,0,40,60,0,520,60,0,0,60,320,0,60,40,60,0,30,0,0,0,0,40,0,0,0,0,0,0,0,0,0,0,0,0,0,0,0,0,0,0,0,0,0,0,0,0,0,0,280,440,320,80,240,160,40,0,160,80,320,160,40,280,400,320,520,520,600,120,480,520,400,40,80,80,80,20,160,60,200,40,160,160,80,0,80,320,200,360,520,600,240,200,480,800,480,120,0,40,0,320,40,0,160,0,320,480,160,0,0,0,80,240,240,480,480,560,1200,1440,1000,840,400,80,160,160,320,0,0,80,200,1280,360,80,0,200,160,600,1200,200,600,400,320,720,800,1260,1020,1320,840,240,0,120,80,80,1000,320,80,200,480,40,80,240,600,1000,400,600,880,540,580,600,620,880,460,300,680,400,320,840,600,400,120,40,120,320,1000,360,80,200,480,440,480,360,480,420,820,1080,880,0,2080,1880,640,40,120,240,600,20,120,120,120,520,200,320,320,760,1240,1280,1180,1540,1300,1420,1180,1280,640,920,920,760,360,360,640,120,1120,480,120,440,320,160,240,240,560,240,800,200,280,240,180,760,360,920,280,680,240,120,80,560,360,40,120,280,360,200,180,200,300,440,560,380,540
"RigautJalabertetal_morphology_expertise_microscopy","RigautJalabertetal","morphology","expertise","microscopy","RigautJalabertetal_morphology_expertise_microscopy_micro62","micro62",NA,"Eukaryota","Ochrophyta","Chromista",NA,NA,NA,"Bacillariophyceae","Rhizosoleniales","Rhizosoleniaceae","Neocalyptrella","Neocalyptrella robusta",0,10,0,0,0,0,0,0,0,0,0,0,0,0,0,0,0,0,0,0,0,0,0,0,0,0,0,0,0,0,0,0,0,0,0,0,0,0,0,0,0,0,0,0,0,0,0,0,0,0,0,0,0,0,0,0,0,0,0,0,0,0,0,0,0,0,0,0,0,0,0,0,0,0,0,0,0,0,0,0,0,0,0,0,0,0,0,0,0,0,0,0,0,0,0,0,0,0,0,0,0,0,0,0,0,0,0,0,0,0,0,0,0,0,0,0,0,0,0,0,0,0,0,0,0,0,0,0,0,0,0,0,0,0,0,0,0,0,0,0,0,0,0,0,0,0,0,0,0,0,0,0,0,0,0,0,0,0,0,0,0,0,0,0,0,0,0,0,0,0,0,0,0,0,0,0,0,0,0,0,0,0,0,0,0,0,0,0,0,0,0,0,0,0,0,0,0,0,0,0,0,0,20,0,0,0,0,0,0,0,0,0,0,0,0,0,0,0,0,0,0,0,0,0,0,0,0,0,0,0,0,0,0,0,0,0,0,0,0,0,0,0,0,0,0,0,0,0,0,0,0,0,0,0,0,0,0,0,0,0,0,0,0,0,0,0,40,0,0,0,0,0
"RigautJalabertetal_morphology_expertise_microscopy","RigautJalabertetal","morphology","expertise","microscopy","RigautJalabertetal_morphology_expertise_microscopy_micro63","micro63",NA,"Eukaryota","Ochrophyta","Chromista",NA,NA,NA,"Bacillariophyceae","Bacillariales","Bacillariaceae","Nitzschia","Nitzschia sp",0,0,0,0,0,0,0,0,0,0,0,0,0,0,0,0,0,0,0,0,0,0,0,0,260,40,0,0,80,0,80,80,0,0,0,0,0,0,0,0,0,80,240,200,140,0,20,120,40,200,0,0,80,80,80,0,0,0,0,80,0,0,0,0,320,0,0,80,0,40,80,0,0,20,0,0,40,80,0,0,0,0,0,0,0,0,0,0,0,0,0,0,0,0,0,0,40,0,40,40,40,0,20,40,0,0,0,0,160,80,80,0,0,0,0,0,80,0,0,0,0,80,0,0,0,0,0,0,0,0,0,0,0,0,0,0,0,0,0,0,0,0,0,0,0,0,0,0,0,0,0,0,0,0,0,0,40,0,0,0,0,0,0,0,0,0,0,0,0,0,0,0,0,0,0,0,0,0,0,0,0,0,0,0,0,0,0,0,0,0,0,0,0,0,0,0,0,0,0,0,0,0,0,0,0,0,0,0,0,0,0,0,0,0,0,0,0,0,0,0,0,0,0,0,0,0,0,0,0,0,0,0,0,0,0,0,0,0,0,0,0,0,0,0,0,0,0,0,0,0,0,0,0,0,0,0,0,0,0,0,0,0,0,0,0,0,0,0,0,0,0,0
"RigautJalabertetal_morphology_expertise_microscopy","RigautJalabertetal","morphology","expertise","microscopy","RigautJalabertetal_morphology_expertise_microscopy_micro64","micro64",NA,"Eukaryota","Ochrophyta","Chromista",NA,NA,NA,"Bacillariophyceae","Triceratiales","Triceratiaceae","Odontella","Odontella mobiliensis",0,0,0,0,0,0,0,0,0,0,0,0,0,0,0,0,0,0,0,0,0,0,0,0,0,0,0,0,0,0,0,0,80,0,0,0,40,0,0,0,0,0,0,0,0,0,40,0,0,0,0,0,0,100,0,40,40,0,0,0,0,0,0,0,0,0,0,0,0,0,0,0,0,0,0,0,0,0,0,0,0,0,0,0,0,0,0,0,0,0,0,0,0,0,0,0,0,0,0,0,0,0,0,0,0,0,0,0,0,20,0,0,0,0,0,0,0,0,0,0,0,0,0,0,0,0,0,0,0,0,0,0,0,0,0,0,0,0,0,0,0,0,0,0,0,0,0,0,0,0,0,0,0,0,0,0,0,0,0,0,0,0,0,0,0,0,0,0,0,0,0,0,0,0,0,0,0,20,10,20,60,40,0,20,0,0,0,0,0,120,0,0,0,0,0,0,0,0,0,0,10,0,20,40,220,0,0,20,0,0,0,0,0,0,0,0,0,0,0,0,0,0,0,10,0,0,100,0,140,100,180,0,0,0,0,0,0,0,0,0,0,0,0,0,0,0,20,0,0,0,0,0,20,0,0,0,0,0,0,0,0,0,0,0,0,0,0,0,0,0,0,0
"RigautJalabertetal_morphology_expertise_microscopy","RigautJalabertetal","morphology","expertise","microscopy","RigautJalabertetal_morphology_expertise_microscopy_micro65","micro65",NA,"Eukaryota","Ochrophyta","Chromista",NA,NA,NA,"Bacillariophyceae","Triceratiales","Triceratiaceae","Odontella","Odontella regia",0,0,0,0,0,0,0,0,0,0,0,0,0,0,0,0,0,0,0,0,0,0,0,10,0,0,0,0,0,0,0,0,0,0,0,0,0,0,0,0,0,0,40,40,0,0,0,20,20,20,0,0,0,0,0,40,0,0,0,0,0,0,0,0,0,0,0,0,0,0,0,40,40,40,0,0,0,20,0,0,0,0,0,0,0,0,0,0,0,0,0,0,0,0,40,20,0,20,0,0,0,0,20,0,0,0,20,80,0,0,0,160,0,0,0,0,0,0,80,0,40,0,0,0,20,20,0,0,0,0,0,0,0,0,0,0,0,0,0,0,0,0,0,0,0,0,0,0,0,20,20,40,40,0,0,0,0,0,0,0,0,0,0,0,0,0,0,0,0,40,40,40,20,0,40,20,0,80,40,0,0,0,0,40,0,0,0,0,0,0,80,40,0,40,0,40,0,40,30,0,10,20,80,100,0,0,0,0,0,0,0,0,0,0,0,0,0,0,0,40,0,0,0,0,0,0,0,0,40,180,20,0,0,0,0,0,0,0,0,0,0,0,0,40,60,0,0,40,0,0,0,0,0,0,0,40,20,0,0,0,0,0,0,0,0,0,0,20,0,0,0,0
"RigautJalabertetal_morphology_expertise_microscopy","RigautJalabertetal","morphology","expertise","microscopy","RigautJalabertetal_morphology_expertise_microscopy_micro66","micro66",NA,"Eukaryota","Ochrophyta","Chromista",NA,NA,NA,"Bacillariophyceae","Triceratiales","Triceratiaceae","Odontella","Odontella sinensis",0,0,0,0,0,0,0,0,0,0,0,0,0,0,0,0,0,0,0,0,0,0,0,0,0,0,0,40,0,0,0,0,0,0,0,0,0,0,0,0,0,0,0,0,0,0,0,0,0,0,0,0,0,0,0,0,0,0,0,0,0,0,0,0,0,0,0,0,0,0,0,0,0,0,0,0,0,0,0,0,0,0,0,0,0,0,0,0,0,0,0,0,0,0,0,0,0,0,0,0,0,0,0,0,0,0,0,0,0,0,0,0,0,0,0,0,0,0,0,0,0,0,0,0,0,0,0,0,0,0,0,0,0,0,0,0,0,0,0,0,0,0,0,0,0,0,0,0,0,0,20,0,0,0,0,0,0,0,0,0,0,0,0,0,0,0,0,0,0,0,0,0,0,0,0,0,0,0,0,0,0,0,0,0,0,0,0,0,0,0,0,0,0,0,0,0,0,20,20,10,0,0,40,80,40,160,0,0,0,0,0,0,0,0,0,0,0,0,0,0,0,0,0,0,0,0,0,0,0,0,0,0,0,0,0,0,0,0,0,0,0,0,0,0,0,0,0,0,20,20,0,0,0,0,0,0,0,0,0,0,0,0,0,0,0,0,0,0,0,0,0,0
"RigautJalabertetal_morphology_expertise_microscopy","RigautJalabertetal","morphology","expertise","microscopy","RigautJalabertetal_morphology_expertise_microscopy_micro67","micro67",NA,"Eukaryota","Ochrophyta","Chromista",NA,NA,NA,"Bacillariophyceae","Triceratiales","Triceratiaceae","Odontella","Odontella sp",0,0,0,0,0,0,0,0,0,0,0,0,0,0,0,0,0,0,0,0,0,0,0,0,40,0,0,80,0,0,0,40,0,0,0,0,0,0,0,0,0,0,0,0,0,0,0,0,0,0,0,0,0,0,0,40,0,0,0,0,0,0,0,0,20,0,0,0,0,0,0,40,0,0,0,0,0,0,0,0,0,0,0,0,0,0,0,0,0,0,0,0,0,0,0,0,20,0,0,0,0,40,0,0,0,0,0,0,0,0,0,0,0,0,0,0,0,0,0,0,20,0,0,0,20,20,0,0,0,0,0,0,0,0,0,0,0,0,0,0,0,0,0,0,0,0,0,0,0,0,0,0,0,0,0,20,0,0,0,0,0,0,0,0,0,0,0,0,0,0,0,0,0,0,0,0,0,0,0,0,0,0,0,0,0,0,0,0,0,0,0,0,0,0,0,0,0,0,0,0,0,0,0,0,0,0,0,0,0,0,0,0,0,0,0,0,0,0,0,0,0,0,0,0,0,0,0,80,0,0,0,0,0,0,0,0,20,0,0,0,0,0,0,0,0,0,0,0,0,0,0,0,0,0,0,0,0,0,0,0,0,0,0,0,0,0,0,0,0,0,0,0
"RigautJalabertetal_morphology_expertise_microscopy","RigautJalabertetal","morphology","expertise","microscopy","RigautJalabertetal_morphology_expertise_microscopy_micro68","micro68",NA,"Eukaryota","Ochrophyta","Chromista",NA,NA,NA,"Bacillariophyceae","Paraliales","Paraliaceae","Paralia","Paralia sulcata",6520,1890,1800,2020,1440,1240,250,0,470,470,150,80,120,0,1040,1120,1460,2560,880,1010,1520,740,11320,4920,4360,9120,2760,1200,480,3600,4240,3120,760,0,300,600,2000,0,0,2600,2800,200,3200,2960,2700,3980,6260,9900,10820,3040,7480,4380,1260,3720,1820,2600,2800,3200,540,2360,520,1000,160,440,1840,1440,1360,120,3440,3320,3960,4560,5320,3160,2840,2680,0,1800,2400,1160,640,40,600,1440,840,0,520,920,1680,0,120,680,2440,2720,2960,2000,4600,3080,760,1320,1480,3000,1560,240,680,280,1200,480,320,2080,840,320,560,240,160,720,800,2240,1120,4040,2560,4800,2320,4080,7800,4040,1480,680,2320,440,240,640,880,760,260,440,1600,440,260,480,880,480,760,4480,1400,5240,1640,5520,1320,3000,920,800,960,600,1360,900,2720,800,480,720,320,0,400,400,80,400,1080,840,2200,1160,7640,1880,1100,1340,2000,2320,950,3020,2040,3460,3440,1560,1520,160,720,0,260,280,760,800,800,1880,1160,5880,4880,4640,2680,1880,3260,1940,1880,640,3840,480,1280,0,420,160,0,240,120,760,500,860,420,360,800,2880,1160,2320,2160,2680,1680,3040,1380,1360,2000,1280,780,640,500,520,880,500,460,460,700,740,340,1180,640,580,820,1120,100,2540,740,2700,560,460,640,220,1340,1640,300,520,400,340,240,420,400,120,340,460,560,1020,640,800,840,1100,620,3580
"RigautJalabertetal_morphology_expertise_microscopy","RigautJalabertetal","morphology","expertise","microscopy","RigautJalabertetal_morphology_expertise_microscopy_micro69","micro69",NA,"Eukaryota","Ochrophyta","Chromista",NA,NA,NA,"Bacillariophyceae","Cymatosirales","Cymatosiraceae","Plagiogrammopsis","Plagiogrammopsis vanheurckii",0,0,0,0,0,0,0,0,0,0,0,0,0,0,0,0,0,0,0,0,0,0,0,0,0,120,80,0,240,0,0,0,0,0,0,0,0,0,0,0,0,0,0,0,0,0,40,0,80,280,120,80,20,60,0,0,0,0,0,0,0,0,0,0,0,0,0,0,0,0,40,0,0,0,0,0,0,0,0,0,0,0,0,0,0,0,0,0,0,0,0,0,0,0,0,0,0,0,0,0,120,600,0,0,0,0,0,0,0,0,0,0,0,0,0,0,0,0,0,0,0,0,0,0,0,0,0,0,0,0,0,0,0,0,0,0,0,0,0,0,0,0,0,0,0,0,0,0,0,0,180,20,320,240,280,0,80,0,0,0,0,0,0,0,0,0,0,0,0,0,480,80,20,0,340,160,340,300,0,0,240,160,0,0,0,0,0,0,0,0,0,0,0,0,40,0,0,0,0,200,200,140,80,400,1200,440,80,600,0,0,0,0,0,0,0,0,0,0,0,0,0,60,180,0,280,640,680,1520,280,320,160,0,0,0,0,0,0,0,0,0,0,0,0,0,0,100,80,60,80,40,40,160,0,0,0,0,0,0,0,0,0,0,80,0,0,0,0,0,0,0,60,40
"RigautJalabertetal_morphology_expertise_microscopy","RigautJalabertetal","morphology","expertise","microscopy","RigautJalabertetal_morphology_expertise_microscopy_micro70","micro70",NA,"Eukaryota","Ochrophyta","Chromista",NA,NA,NA,"Bacillariophyceae","Naviculales","Pleurosigmataceae","Pleurosigma","Pleurosigma/Gyrosigma",280,100,60,160,260,60,70,40,10,10,20,80,180,80,80,160,60,120,160,60,60,110,380,210,360,360,300,440,160,140,320,280,240,240,0,200,200,320,120,120,160,80,320,80,220,140,340,160,260,240,320,240,360,560,220,320,320,320,120,120,60,160,50,160,80,100,120,20,160,160,440,480,480,280,320,240,320,240,20,40,60,120,120,0,20,40,40,120,160,20,20,120,40,80,200,120,280,80,160,200,240,80,120,160,80,160,120,40,80,60,0,80,80,20,20,0,80,20,60,120,140,100,460,220,220,360,160,80,140,80,100,140,100,60,80,20,340,60,20,20,80,60,60,240,0,680,200,180,180,180,140,180,240,40,260,60,120,40,260,560,1420,0,20,40,20,20,100,360,160,100,180,200,240,300,140,230,160,340,50,200,300,280,340,40,120,80,20,20,20,40,0,140,120,40,180,120,180,80,110,250,430,160,360,260,320,0,40,40,60,200,40,0,20,0,60,60,40,160,80,140,200,220,80,230,230,230,320,180,220,200,160,80,80,40,0,60,700,40,0,120,20,0,20,40,20,0,0,220,60,140,80,20,60,40,20,40,60,60,40,140,0,40,40,40,20,20,20,80,100,40,80,20
"RigautJalabertetal_morphology_expertise_microscopy","RigautJalabertetal","morphology","expertise","microscopy","RigautJalabertetal_morphology_expertise_microscopy_micro71","micro71",NA,"Eukaryota","Ochrophyta","Chromista",NA,NA,NA,"Bacillariophyceae","Melosirales","Hyalodiscaceae","Podosira","Podosira stelligera",200,40,80,180,60,20,50,30,0,0,10,20,120,0,40,20,0,0,20,10,40,30,620,270,200,360,0,80,40,20,200,160,120,0,80,0,0,0,0,0,40,0,120,0,120,60,140,160,420,240,20,60,40,160,20,0,80,40,20,120,0,0,80,0,40,40,0,40,160,40,120,480,0,40,120,80,80,40,40,0,0,20,0,0,0,0,120,40,480,0,0,40,40,80,0,0,120,40,0,80,40,0,40,0,0,40,0,0,0,80,40,0,0,0,0,0,0,0,160,20,80,20,320,160,120,40,40,0,40,0,0,0,0,0,80,0,160,0,0,0,0,0,20,80,0,40,60,0,0,40,60,0,60,40,0,20,0,20,0,40,0,20,0,0,0,0,0,0,40,40,100,100,40,20,40,90,60,80,40,20,0,0,40,0,40,0,0,0,20,40,0,0,20,0,0,0,40,40,10,30,30,0,40,60,40,0,0,0,0,0,100,0,20,20,0,40,40,40,40,40,0,40,0,50,50,30,160,40,0,0,0,0,0,0,40,0,0,80,40,40,0,60,80,20,40,40,20,0,0,0,0,0,140,0,0,0,0,0,0,0,0,20,0,0,0,0,0,40,0,20,60,20
"RigautJalabertetal_morphology_expertise_microscopy","RigautJalabertetal","morphology","expertise","microscopy","RigautJalabertetal_morphology_expertise_microscopy_micro72","micro72",NA,"Eukaryota","Ochrophyta","Chromista",NA,NA,NA,"Bacillariophyceae","Rhizosoleniales","Rhizosoleniaceae","Proboscia","Proboscia alata",0,0,0,0,0,0,0,0,0,0,0,0,0,0,0,0,0,0,0,0,0,0,0,0,0,0,0,0,0,0,0,0,0,0,0,0,0,0,0,0,0,0,0,0,0,0,0,0,0,0,0,0,0,0,0,0,0,0,0,0,0,0,0,0,0,0,0,0,0,0,0,0,0,0,0,0,0,0,0,0,0,0,0,0,0,0,0,0,0,0,0,0,0,0,0,0,0,0,0,0,0,0,0,0,0,0,0,0,0,0,0,0,0,0,0,0,0,0,0,0,0,0,0,0,0,0,60,0,0,0,0,0,0,0,0,0,0,0,100,0,0,0,0,0,0,0,0,0,0,0,0,0,0,0,0,0,0,0,0,0,0,0,0,0,0,0,0,0,0,0,0,0,0,0,0,0,0,0,0,0,0,0,0,0,0,80,200,40,0,0,0,0,0,0,0,0,0,0,0,0,0,0,0,0,0,0,0,0,0,0,0,0,0,0,0,0,0,0,0,0,0,0,0,0,0,0,0,0,0,0,0,0,0,0,0,20,80,60,0,0,0,0,0,0,0,0,0,0,0,0,0,0,0,0,0,0,0,0,0,0,0,0,0,0,0,0,0,0,0,0,0,0
"RigautJalabertetal_morphology_expertise_microscopy","RigautJalabertetal","morphology","expertise","microscopy","RigautJalabertetal_morphology_expertise_microscopy_micro73","micro73",NA,"Eukaryota","Ochrophyta","Chromista",NA,NA,NA,"Bacillariophyceae","Bacillariales","Bacillariaceae","Psammodictyon","Psammodictyon panduriforme",480,50,140,120,180,40,0,0,20,0,0,80,160,0,40,0,20,120,140,70,40,30,120,190,120,160,20,40,0,60,40,0,40,0,40,40,120,240,80,120,240,40,120,0,220,200,160,880,420,200,0,280,280,320,40,40,120,0,0,0,0,0,120,0,120,80,0,0,80,240,1080,0,0,0,0,0,280,0,0,40,80,20,40,0,20,0,80,0,160,40,0,0,40,440,520,120,0,40,280,50,0,160,160,40,80,40,80,160,240,240,200,160,80,160,0,80,480,320,240,640,80,1400,400,840,880,1320,1200,480,520,280,320,0,0,0,0,0,60,0,160,160,160,80,60,680,240,1440,200,540,320,400,540,540,400,0,160,0,80,0,0,360,0,0,40,0,0,80,280,360,320,120,1640,1320,320,480,1080,1080,540,860,320,120,200,40,160,40,40,0,0,80,120,240,130,200,480,1280,400,880,840,520,1260,340,280,20,140,160,400,160,40,40,80,120,40,60,20,60,80,40,80,120,200,440,840,560,700,220,120,300,760,200,40,0,20,40,40,0,0,20,120,120,80,280,200,240,80,0,40,1140,180,640,200,260,220,0,120,40,40,0,40,40,80,120,120,0,140,120,20,100,200,320,340,220,140,580
"RigautJalabertetal_morphology_expertise_microscopy","RigautJalabertetal","morphology","expertise","microscopy","RigautJalabertetal_morphology_expertise_microscopy_micro74","micro74",NA,"Eukaryota","Ochrophyta","Chromista",NA,NA,NA,"Bacillariophyceae","Bacillariales","Bacillariaceae","Pseudo-nitzschia","Pseudo-nitzschia delicatissima group",0,0,0,0,0,0,0,0,0,0,0,0,0,0,0,0,0,0,0,0,0,0,0,0,0,0,0,0,0,0,0,0,360,1200,2100,3520,1280,400,3720,800,240,0,0,0,0,120,0,0,0,0,0,0,0,0,0,0,0,0,100,0,0,0,0,0,0,0,0,0,0,0,0,0,0,0,0,0,0,0,0,0,0,0,0,0,0,0,0,120,920,0,320,1240,880,80,0,0,0,0,0,80,80,80,0,0,0,160,0,440,1500,560,320,0,0,1120,3280,1200,2560,0,0,0,160,200,160,0,320,0,80,0,0,0,0,1680,9200,840,1120,0,40,120,0,0,0,0,120,0,0,160,0,0,0,80,40,0,0,0,0,0,80,0,0,0,0,0,0,6560,600,0,0,0,80,0,0,80,0,120,0,0,0,0,0,100,0,0,0,0,0,920,960,80,80,560,200,0,0,0,0,0,0,0,80,0,0,40,0,80,0,0,0,40,800,800,480,160,40,0,0,80,200,0,280,160,40,200,60,80,40,20,120,160,40,0,0,0,80,180,0,660,880,23360,440,880,160,80,0,0,240,120,120,20,0,0,0,120,0,120,360,1520,1060,160,0,620,80,3600,40,40,280,40,0,80,0,200,0,0
"RigautJalabertetal_morphology_expertise_microscopy","RigautJalabertetal","morphology","expertise","microscopy","RigautJalabertetal_morphology_expertise_microscopy_micro75","micro75",NA,"Eukaryota","Ochrophyta","Chromista",NA,NA,NA,"Bacillariophyceae","Bacillariales","Bacillariaceae","Pseudo-nitzschia","Pseudo-nitzschia seriata group",0,0,0,0,0,0,0,0,0,0,0,0,0,0,160,0,0,0,0,0,0,0,0,0,0,0,0,0,0,0,0,0,0,0,0,0,0,0,0,0,0,0,0,0,0,0,0,0,0,0,0,0,0,0,0,0,40,80,0,0,0,2040,0,0,80,0,120,0,0,0,0,0,0,0,0,0,120,320,0,0,160,0,0,0,0,80,80,160,760,160,0,0,160,0,0,80,0,0,0,0,0,0,0,0,0,0,0,0,0,200,80,0,320,1200,3840,0,3120,2000,0,0,0,0,0,0,0,0,0,0,0,0,0,0,80,280,40,200,80,520,460,440,280,280,0,40,0,200,0,0,0,0,0,0,0,0,0,0,0,0,0,0,0,0,0,1200,360,0,0,0,0,280,0,0,120,0,0,0,0,0,0,0,0,0,0,0,0,4400,1400,480,0,720,0,0,0,0,0,80,0,0,0,0,0,40,0,160,0,0,0,0,80,120,180,540,40,0,80,9620,40,0,0,0,0,0,0,0,0,0,160,340,0,0,260,140,20,0,40,280,820,25560,840,960,60,80,100,0,0,0,80,0,40,0,0,0,0,0,0,2540,5820,640,0,600,0,5260,240,0,140,40,160,0,120,0,0,60
"RigautJalabertetal_morphology_expertise_microscopy","RigautJalabertetal","morphology","expertise","microscopy","RigautJalabertetal_morphology_expertise_microscopy_micro76","micro76",NA,"Eukaryota","Ochrophyta","Chromista",NA,NA,NA,"Bacillariophyceae","Bacillariales","Bacillariaceae","Pseudo-nitzschia","Pseudo-nitzschia sp",0,0,0,0,0,0,10,0,0,0,0,0,40,800,120,320,40,240,80,0,0,20,0,20,0,0,40,240,0,240,0,0,80,0,0,1360,640,240,2840,0,120,0,680,40,0,0,0,40,40,0,0,0,0,0,0,120,120,0,340,120,800,6840,320,120,80,320,1400,80,0,0,0,0,0,40,240,0,120,40,0,20,0,0,0,0,20,960,1080,760,400,360,120,80,720,280,160,120,40,0,360,0,80,0,160,0,0,0,480,1200,160,0,120,0,0,0,0,0,80,4080,80,0,0,40,0,40,0,0,40,80,0,320,160,5360,0,0,320,200,20,160,120,1160,360,600,120,520,80,0,160,40,40,0,20,100,60,40,0,80,0,0,0,0,320,40,120,4960,200,80,80,1200,280,240,0,120,0,80,220,0,120,0,0,120,0,0,0,200,360,560,1680,1560,160,0,400,0,0,40,40,80,240,40,80,80,60,40,100,0,0,0,120,0,0,0,0,0,0,0,0,0,0,0,0,0,0,0,0,0,0,0,0,0,0,0,0,0,0,0,0,0,0,0,0,0,0,0,0,0,0,0,0,0,0,0,0,0,0,0,0,0,0,0,0,0,0,0,0,0,0,0,0,0,0,0,0,0
"RigautJalabertetal_morphology_expertise_microscopy","RigautJalabertetal","morphology","expertise","microscopy","RigautJalabertetal_morphology_expertise_microscopy_micro77","micro77",NA,"Eukaryota","Ochrophyta","Chromista",NA,NA,NA,"Bacillariophyceae","Melosirales","Melosiraceae","Pseudopodosira","Pseudopodosira westii",0,20,0,0,0,0,0,0,0,0,0,0,0,0,0,0,0,0,0,10,0,0,0,30,0,0,0,0,0,0,0,0,0,0,0,0,0,0,0,0,0,0,0,0,0,0,0,0,0,0,0,0,0,0,0,0,0,0,0,0,0,0,0,0,0,0,0,0,0,0,0,0,0,0,0,0,0,0,0,0,0,0,0,0,0,0,0,0,0,0,0,0,0,0,0,0,0,0,0,0,0,0,0,0,0,0,0,0,0,0,80,0,0,0,0,0,0,0,0,0,0,0,0,40,0,0,0,0,0,0,0,0,0,0,0,0,0,0,0,0,0,0,80,0,0,0,0,0,0,0,0,0,0,0,0,0,0,0,0,0,0,0,0,0,0,0,0,0,0,0,0,0,0,0,0,0,0,0,0,0,0,40,0,0,0,0,0,0,0,0,0,0,0,0,0,0,0,0,0,0,0,0,0,0,0,0,0,0,0,0,0,0,0,0,0,0,0,0,0,0,0,0,0,0,0,0,0,0,0,0,0,0,0,0,0,0,0,0,0,0,0,0,0,0,0,0,20,0,0,0,0,0,0,0,0,0,0,0,0,0,0,0,0,0,0,0,0,0,0,0,0,0
"RigautJalabertetal_morphology_expertise_microscopy","RigautJalabertetal","morphology","expertise","microscopy","RigautJalabertetal_morphology_expertise_microscopy_micro78","micro78",NA,"Eukaryota","Ochrophyta","Chromista",NA,NA,NA,"Bacillariophyceae","Rhizosoleniales","Rhizosoleniaceae","Pseudosolenia","Pseudosolenia calcar-avis",0,0,0,0,0,0,0,0,0,0,0,0,0,0,0,0,0,0,0,0,0,0,0,0,0,0,0,0,0,0,0,0,0,0,0,0,0,0,0,0,0,0,0,0,0,0,0,0,0,0,0,0,0,0,0,0,0,0,0,0,0,0,0,0,0,0,0,0,0,0,0,0,0,0,0,0,0,0,0,0,0,0,0,0,0,0,0,0,0,0,0,0,0,0,0,0,0,0,0,0,0,0,0,0,0,0,0,0,0,0,0,0,0,0,0,0,0,0,0,0,0,0,0,0,0,0,0,0,0,0,0,0,0,0,0,0,0,0,0,0,0,0,0,0,0,0,0,0,0,0,0,0,0,0,0,0,0,0,0,0,0,0,0,0,0,0,0,0,0,0,0,0,0,0,0,0,0,0,0,0,0,0,0,0,0,0,0,0,0,0,0,0,0,0,0,0,0,20,0,0,0,0,0,0,0,0,0,0,0,0,0,0,0,0,0,0,0,0,0,0,0,0,0,0,0,0,0,0,0,0,0,0,0,0,0,0,0,0,0,0,0,0,0,0,0,0,0,0,0,0,0,0,0,0,0,20,0,0,0,0,0,0,0,0,0,0,0,0,0,0,0,0
"RigautJalabertetal_morphology_expertise_microscopy","RigautJalabertetal","morphology","expertise","microscopy","RigautJalabertetal_morphology_expertise_microscopy_micro79","micro79",NA,"Eukaryota","Ochrophyta","Chromista",NA,NA,NA,"Bacillariophyceae","Rhabdonematales","Rhabdonemataceae","Rhabdonema","Rhabdonema sp",0,0,0,0,0,0,0,0,0,0,0,0,0,0,0,0,0,0,0,0,0,0,0,0,0,0,0,0,0,0,0,0,0,0,0,0,0,0,0,0,0,0,0,0,0,0,0,0,0,40,0,0,0,0,0,0,0,0,0,0,0,0,0,0,0,0,0,0,0,0,0,0,0,0,0,0,0,0,0,0,0,0,0,0,0,0,0,0,0,0,0,0,0,0,0,0,0,0,0,0,0,0,0,0,0,0,0,0,0,0,0,0,0,0,0,0,0,20,0,0,0,40,0,0,0,0,0,0,0,0,0,0,0,0,0,0,0,0,0,0,0,0,0,0,0,0,0,0,0,0,0,0,0,0,0,0,0,0,0,0,0,0,0,0,0,0,0,0,0,0,0,0,0,0,0,0,0,0,0,0,0,0,0,0,0,0,0,0,0,0,0,0,0,0,0,0,0,0,0,0,0,0,0,0,0,0,0,0,0,0,0,0,0,0,0,0,0,0,0,0,0,0,0,0,0,0,0,0,0,0,0,0,0,0,0,0,0,0,0,0,0,0,0,0,0,0,0,0,0,0,0,0,0,0,0,0,0,0,0,0,0,0,0,0,0,0,0,0,0,0,0,0
"RigautJalabertetal_morphology_expertise_microscopy","RigautJalabertetal","morphology","expertise","microscopy","RigautJalabertetal_morphology_expertise_microscopy_micro80","micro80",NA,"Eukaryota","Ochrophyta","Chromista",NA,NA,NA,"Bacillariophyceae","Rhizosoleniales","Rhizosoleniaceae","Rhizosolenia","Rhizosolenia imbricata/styliformis",0,0,0,0,0,0,0,0,0,0,0,280,0,0,0,0,0,0,0,0,0,0,0,0,20,0,0,0,0,0,0,0,200,0,0,280,320,160,200,120,0,0,0,0,0,0,0,0,0,0,20,0,0,0,0,0,0,80,20,0,0,1600,1760,0,20,0,0,40,0,0,0,0,0,0,0,0,0,0,160,20,80,20,120,1080,80,0,40,320,3080,80,120,120,80,120,40,0,0,0,40,0,0,0,0,0,0,0,0,0,180,0,0,1040,800,7520,15120,0,0,40,0,0,0,0,200,0,0,0,0,0,0,0,60,0,540,0,0,40,0,0,2240,200,0,100,80,140,0,0,20,0,0,40,20,20,0,0,0,0,20,0,0,0,0,100,40,2540,7000,120,40,20,0,0,0,20,0,40,0,10,10,0,0,0,0,0,0,40,580,100,60,180,40,0,0,0,0,0,0,0,0,20,60,60,70,100,100,0,60,0,0,0,0,0,0,100,0,0,0,40,0,0,0,0,0,40,0,0,0,0,0,0,0,0,0,80,0,0,0,0,0,0,0,40,0,0,0,0,0,0,120,20,20,0,0,0,0,0,0,340,1860,220,40,40,160,1440,0,0,0,40,0,0,0,0,20,0
"RigautJalabertetal_morphology_expertise_microscopy","RigautJalabertetal","morphology","expertise","microscopy","RigautJalabertetal_morphology_expertise_microscopy_micro81","micro81",NA,"Eukaryota","Ochrophyta","Chromista",NA,NA,NA,"Bacillariophyceae","Rhizosoleniales","Rhizosoleniaceae","Rhizosolenia","Rhizosolenia setigera/pungens",0,10,0,20,0,20,0,20,0,0,0,20,0,80,0,0,0,0,0,10,40,20,0,0,20,0,40,120,360,220,80,120,400,1120,20,240,1040,360,80,0,0,0,80,40,20,0,60,40,20,40,40,20,40,120,20,80,80,40,1040,240,200,720,880,160,120,40,40,100,120,40,80,0,0,80,0,0,280,360,800,40,80,0,40,200,0,0,0,0,80,0,40,0,160,0,0,0,40,40,0,40,40,0,80,0,20,0,80,280,480,0,0,0,0,0,80,0,120,160,40,120,60,60,0,0,20,0,0,0,20,20,80,80,2080,8400,2360,2960,120,80,0,0,40,60,80,40,0,0,140,60,60,80,0,0,40,20,20,0,20,0,40,140,160,120,0,0,160,40,140,80,60,340,200,200,40,100,20,30,20,0,0,0,0,0,0,0,80,1580,1780,160,0,80,40,40,40,20,0,60,20,20,80,20,0,40,20,120,260,1280,440,0,60,200,100,280,0,0,20,240,40,100,60,40,20,100,0,0,0,30,40,40,140,600,5240,4280,140,100,0,0,180,40,40,60,0,40,0,0,100,120,120,100,60,0,20,40,220,100,620,10380,8660,700,400,360,60,140,0,40,0,20,0,20,0,60,20,0
"RigautJalabertetal_morphology_expertise_microscopy","RigautJalabertetal","morphology","expertise","microscopy","RigautJalabertetal_morphology_expertise_microscopy_micro82","micro82",NA,"Eukaryota","Ochrophyta","Chromista",NA,NA,NA,"Bacillariophyceae","Rhizosoleniales","Rhizosoleniaceae","Rhizosolenia","Rhizosolenia sp",0,0,0,0,0,20,10,20,40,0,30,0,240,240,240,2480,20,0,0,0,10,10,80,60,0,0,0,0,0,0,0,0,0,0,0,0,0,0,0,0,0,0,0,0,0,0,0,0,0,0,0,0,0,0,0,40,240,1240,160,0,40,0,120,0,0,0,0,0,0,0,0,0,0,0,0,0,0,0,0,0,0,0,0,0,0,0,0,0,0,0,0,0,0,0,0,0,0,0,0,0,0,0,0,0,0,0,40,1480,80,880,20,0,0,0,0,400,0,0,0,0,0,0,0,0,0,0,0,40,40,0,0,20,40,40,0,0,20,0,340,20,0,0,0,0,0,0,0,0,0,0,0,0,0,0,0,0,0,0,0,0,0,0,0,0,160,120,0,0,0,0,0,0,0,0,0,0,0,0,0,0,0,0,0,0,20,0,20,40,20,0,80,0,0,20,0,40,20,0,0,10,0,0,20,0,20,0,0,0,80,0,0,40,0,40,0,40,20,20,0,0,0,0,0,0,0,0,0,0,0,0,0,0,0,120,0,20,20,700,0,0,0,0,0,20,0,0,0,20,0,0,0,0,0,0,40,0,0,0,80,0,40,1220,60,40,0,0,0,0,0,0,0,0
"RigautJalabertetal_morphology_expertise_microscopy","RigautJalabertetal","morphology","expertise","microscopy","RigautJalabertetal_morphology_expertise_microscopy_micro83","micro83",NA,"Eukaryota","Ochrophyta","Chromista",NA,NA,NA,"Bacillariophyceae","Thalassiosirales","Skeletonemaceae","Skeletonema","Skeletonema sp",0,40,0,0,60,0,0,0,0,0,0,0,0,0,0,0,0,0,0,0,0,0,0,0,0,0,0,0,0,80,0,480,2440,0,0,200,0,0,200,160,0,1040,0,120,0,0,40,0,0,0,0,0,0,0,0,240,280,0,0,0,0,0,0,0,0,0,0,0,0,0,0,0,0,0,0,0,0,0,0,400,320,0,0,0,0,0,0,0,0,0,520,4760,8440,4960,3040,1920,920,960,1440,1000,1960,2440,18760,4360,200,800,800,480,240,0,40,0,0,0,960,260,1040,1040,480,1400,100,400,280,0,0,0,0,160,160,120,600,10880,0,0,560,0,1280,280,0,480,0,160,1960,3560,1080,1800,1920,1240,240,160,100,260,160,1680,1280,54560,44560,4400,4000,280,3520,0,0,720,0,240,640,1800,560,1520,80,1080,0,200,0,0,0,0,700,1200,3640,8000,1720,2800,1960,0,0,0,0,0,240,840,240,480,20,320,160,480,0,200,0,0,1240,240,2480,3240,880,120,1800,280,0,0,0,80,440,0,2340,3200,2440,380,920,140,260,0,80,80,80,480,80,0,1280,1240,440,120,0,0,3160,880,640,2520,360,640,240,440,0,0,200,280,220,40,120,1260,2200,2400,640,480,0,0,0,120,0,400,500,4760,2080,260,4480,3040,980,240,140,0
"RigautJalabertetal_morphology_expertise_microscopy","RigautJalabertetal","morphology","expertise","microscopy","RigautJalabertetal_morphology_expertise_microscopy_micro84","micro84",NA,"Eukaryota","Ochrophyta","Chromista",NA,NA,NA,"Bacillariophyceae","Striatellales","Striatellaceae","Striatella","Striatella unipunctata",0,0,0,0,0,0,0,0,0,0,0,0,0,0,0,0,0,0,0,0,0,0,0,0,0,0,0,0,0,0,0,0,0,0,0,0,0,40,0,0,0,0,40,0,0,0,0,0,0,0,0,0,0,0,0,0,0,0,0,0,0,0,0,0,0,0,0,0,0,0,0,0,0,0,0,0,0,0,0,0,0,0,0,0,0,0,0,0,0,0,0,0,0,0,0,0,0,0,0,0,0,0,0,0,0,0,0,0,0,0,0,0,0,0,0,0,0,0,0,0,0,0,0,0,0,0,0,0,0,0,0,0,0,0,0,0,0,0,0,0,0,0,0,0,0,0,0,0,0,0,0,0,0,0,0,0,0,0,0,0,0,0,0,0,0,0,0,0,0,0,0,0,0,0,0,0,0,0,0,0,0,0,0,0,0,0,0,0,0,0,0,0,0,0,40,0,0,0,0,0,0,0,0,0,0,0,0,0,0,0,0,0,0,0,0,0,0,0,0,0,0,0,0,0,0,0,0,0,0,0,0,0,0,0,0,0,0,0,0,0,0,0,0,0,0,0,0,0,0,0,0,0,0,0,0,0,0,0,0,0,0,0,0,0,0,0,0,0,0,0,0,0
"RigautJalabertetal_morphology_expertise_microscopy","RigautJalabertetal","morphology","expertise","microscopy","RigautJalabertetal_morphology_expertise_microscopy_micro85","micro85",NA,"Eukaryota","Ochrophyta","Chromista",NA,NA,NA,"Bacillariophyceae","Hemiaulales","Bellerocheaceae","Subsilicea","Subsilicea fragilarioides",0,0,0,0,0,0,0,0,0,0,0,0,0,0,0,0,0,0,0,0,0,0,0,0,0,0,0,0,0,0,0,0,0,0,0,0,0,0,0,0,0,0,0,0,0,0,0,0,0,0,0,0,0,0,0,0,0,0,0,0,0,0,0,0,0,0,0,0,0,0,0,0,0,0,0,0,0,0,0,0,0,0,0,0,0,0,0,0,0,0,0,0,0,0,0,0,0,0,0,0,0,0,0,0,0,0,0,0,0,0,0,0,0,0,0,0,0,0,0,0,0,0,0,0,0,0,0,0,0,0,0,0,0,0,0,0,0,0,0,0,0,0,0,0,0,0,0,0,0,0,0,0,0,0,0,0,0,0,0,0,0,0,0,0,0,0,0,0,0,0,0,0,0,60,0,0,0,0,0,0,0,0,0,0,0,0,0,0,0,0,0,0,0,0,0,0,0,0,0,0,0,0,0,0,0,0,0,0,0,0,0,0,0,0,0,0,0,0,0,0,0,0,0,60,0,0,0,0,0,0,0,0,0,0,0,0,0,0,0,0,0,0,0,0,0,0,0,0,0,0,0,0,0,0,0,0,0,0,0,0,0,0,0,0,0,0,0,0,0,0,0,0
"RigautJalabertetal_morphology_expertise_microscopy","RigautJalabertetal","morphology","expertise","microscopy","RigautJalabertetal_morphology_expertise_microscopy_micro86","micro86",NA,"Eukaryota","Ochrophyta","Chromista",NA,NA,NA,"Bacillariophyceae","Thalassionematales","Thalassionemataceae","Thalassionema","Thalassionema nitzschioides",0,0,0,0,0,0,0,0,0,0,0,0,0,0,0,160,0,600,0,0,0,0,0,0,360,200,0,0,0,0,80,0,160,240,0,160,1360,360,6320,1120,480,800,520,200,40,80,0,0,40,0,0,20,0,0,80,0,0,0,0,80,80,0,0,80,0,180,0,0,0,0,200,0,0,0,0,0,0,0,280,40,0,0,0,0,0,320,0,120,120,80,0,1800,600,80,0,80,320,200,80,120,240,80,0,0,0,0,100,320,320,0,80,0,320,120,560,320,4080,2000,320,440,320,0,0,0,0,840,240,280,200,0,0,180,500,0,280,0,0,0,0,240,80,400,680,1160,360,240,160,0,0,0,0,0,160,80,0,0,80,0,0,0,320,60,240,3680,1680,440,1840,1320,200,1920,160,0,0,0,120,0,0,0,0,0,0,0,0,0,0,2160,0,0,0,0,0,0,300,0,0,0,160,220,60,0,40,0,120,0,0,0,80,0,80,40,80,0,0,60,720,1200,320,440,80,40,40,80,0,40,0,0,60,0,0,80,160,0,0,0,0,0,0,0,0,120,120,80,240,160,80,0,380,320,140,240,220,160,240,0,0,440,360,0,0,0,80,1660,220,200,120,0,0,0,20,0,40,0
"RigautJalabertetal_morphology_expertise_microscopy","RigautJalabertetal","morphology","expertise","microscopy","RigautJalabertetal_morphology_expertise_microscopy_micro87","micro87",NA,"Eukaryota","Ochrophyta","Chromista",NA,NA,NA,"Bacillariophyceae","Thalassiosirales","Thalassiosiraceae","Thalassiosira","Thalassiosira angulata",0,0,0,0,0,0,0,0,0,0,0,0,0,0,0,0,0,0,0,0,0,0,0,0,0,0,0,0,0,0,0,0,0,0,0,0,0,0,0,0,0,0,0,0,0,0,0,0,0,0,0,0,0,0,0,0,0,0,0,0,0,0,0,0,0,0,0,0,0,0,0,0,0,0,0,0,0,0,0,0,0,0,0,0,0,0,0,0,0,0,0,0,0,0,0,0,0,0,0,0,0,0,0,0,0,0,0,0,0,0,0,0,0,0,0,0,0,0,0,0,0,0,0,0,0,0,0,0,0,0,0,0,0,0,0,0,0,0,0,0,0,0,0,0,0,0,0,0,0,0,0,0,0,320,760,1400,360,720,0,0,7040,0,0,0,0,0,0,0,0,0,0,0,0,0,0,0,0,0,0,0,0,0,0,0,0,0,0,0,0,0,0,0,0,0,0,0,0,0,0,0,0,0,0,0,0,0,0,0,0,0,0,0,0,0,0,0,0,0,0,0,0,0,0,0,0,0,0,0,140,80,0,0,0,0,0,0,0,0,0,0,0,0,0,0,0,0,0,0,0,0,0,0,0,0,0,0,0,0,0,0,0,0,0,0,0,0,0,0,0,0,0,0
"RigautJalabertetal_morphology_expertise_microscopy","RigautJalabertetal","morphology","expertise","microscopy","RigautJalabertetal_morphology_expertise_microscopy_micro88","micro88",NA,"Eukaryota","Ochrophyta","Chromista",NA,NA,NA,"Bacillariophyceae","Thalassiosirales","Thalassiosiraceae","Thalassiosira","Thalassiosira sp ",160,120,100,240,560,0,430,0,80,230,110,20,4040,1200,600,0,80,400,260,20,50,140,160,90,620,680,100,560,1520,500,680,520,600,400,700,720,920,160,120,200,800,1600,480,200,460,200,280,260,300,240,480,580,760,1320,840,6000,1040,1280,180,6960,760,280,720,1240,400,100,480,840,120,160,200,400,120,80,80,80,200,960,3240,2080,960,60,160,1080,0,800,40,0,0,0,0,0,80,80,120,40,360,200,400,160,720,1680,1560,40,120,520,5320,2040,6320,1360,1240,560,2480,0,5600,0,640,800,2320,840,640,560,800,160,80,320,920,200,80,200,1440,27600,400,560,4040,80,5280,160,160,11280,120,40,1000,880,480,1000,920,20,240,260,300,60,300,920,680,1120,980,3200,2160,1040,1760,360,360,3360,200,440,1600,1640,1560,1520,960,1720,700,500,360,200,170,1520,760,2520,3560,1000,840,1000,1520,2160,240,60,40,0,360,1440,260,1400,440,120,280,310,130,80,220,60,360,500,1960,120,280,240,36320,2240,560,880,560,0,340,1680,1520,720,200,40,1320,240,80,150,170,140,360,280,800,1360,520,0,380,0,0,0,80,220,620,0,0,80,40,200,40,240,120,220,220,40,280,940,1320,460,320,4600,2600,20,0,7880,0,0,80,0,0,0,0,0,340,60,120,140
"RigautJalabertetal_morphology_expertise_microscopy","RigautJalabertetal","morphology","expertise","microscopy","RigautJalabertetal_morphology_expertise_microscopy_micro89","micro89",NA,"Eukaryota","Ochrophyta","Chromista",NA,NA,NA,"Bacillariophyceae","Thalassiosirales","Thalassiosiraceae","Thalassiosira","Thalassiosira anguste-lineata",0,0,0,0,0,0,0,0,0,0,0,0,0,0,0,0,0,0,0,0,0,0,0,0,0,0,80,0,0,0,0,0,0,0,0,0,0,0,0,0,0,0,0,0,0,0,0,0,0,0,0,0,0,0,0,0,0,0,0,0,0,0,0,0,0,0,0,0,0,0,0,0,0,0,0,0,0,0,0,0,0,0,0,0,0,0,0,0,0,0,0,0,0,0,0,0,0,0,0,0,0,0,0,0,160,640,240,480,0,0,0,0,0,0,80,0,0,0,0,0,0,0,0,0,0,0,0,0,0,160,0,3520,0,0,120,0,0,0,0,0,0,0,0,0,0,0,0,0,0,0,0,0,0,0,0,160,0,0,0,0,0,0,0,0,0,0,0,0,0,0,0,0,0,0,0,0,0,0,0,0,0,0,0,0,0,0,0,0,0,0,0,0,0,0,0,0,0,0,0,0,0,0,0,0,0,0,0,0,0,0,0,0,0,0,0,0,0,0,0,0,0,0,0,0,0,0,0,0,0,0,0,0,0,0,0,0,0,0,0,0,0,0,0,0,0,0,0,0,0,0,0,0,0,0,0,0,0,0,0,0,0,0,0,0,0,0,0,0,0,0,0,0
"RigautJalabertetal_morphology_expertise_microscopy","RigautJalabertetal","morphology","expertise","microscopy","RigautJalabertetal_morphology_expertise_microscopy_micro90","micro90",NA,"Eukaryota","Ochrophyta","Chromista",NA,NA,NA,"Bacillariophyceae","Thalassiosirales","Thalassiosiraceae","Thalassiosira","Thalassiosira constricta",0,0,0,0,0,0,0,0,0,0,0,0,0,0,0,0,0,0,0,0,0,0,0,0,0,0,0,0,0,0,0,0,0,0,0,0,0,0,0,0,0,0,0,0,0,0,0,0,0,0,0,0,0,0,0,0,0,0,0,0,0,0,0,0,0,0,0,0,0,0,0,0,0,0,0,0,0,0,0,0,0,0,0,0,0,0,0,0,0,0,0,0,0,0,0,0,0,0,0,0,0,0,0,0,0,0,0,0,0,0,0,0,0,0,0,0,0,0,0,0,0,0,0,0,0,0,0,0,0,0,0,6720,16160,1360,880,80,320,80,0,0,0,0,0,0,0,160,400,360,600,0,0,320,340,1680,600,240,80,400,0,640,120,60,0,320,2000,0,160,160,0,0,240,80,0,140,120,60,0,0,0,120,0,0,0,140,80,2520,3160,240,0,0,120,160,160,80,0,0,80,0,20,0,0,0,0,200,180,0,1200,120,3200,3880,240,80,0,0,0,900,800,120,120,40,160,0,0,120,60,70,40,200,0,0,0,220,320,120,640,80,3480,480,0,400,40,0,120,820,320,320,120,160,40,140,80,200,120,0,200,10880,22960,1280,2360,10600,180,480,40,200,420,140,260,320,160,0,120,120
"RigautJalabertetal_morphology_expertise_microscopy","RigautJalabertetal","morphology","expertise","microscopy","RigautJalabertetal_morphology_expertise_microscopy_micro91","micro91",NA,"Eukaryota","Ochrophyta","Chromista",NA,NA,NA,"Bacillariophyceae","Thalassiosirales","Thalassiosiraceae","Thalassiosira","Thalassiosira hendeyi",0,0,0,0,0,0,0,0,0,0,0,0,0,0,0,0,0,0,0,0,0,0,0,0,0,0,0,0,0,0,0,0,0,0,0,0,0,0,0,0,0,0,0,0,0,0,0,0,0,0,0,0,0,0,0,0,0,0,0,0,0,0,0,0,0,0,0,0,0,0,0,0,0,0,0,0,0,0,0,0,0,0,0,0,0,0,0,0,0,0,0,0,0,0,0,0,0,0,0,0,0,0,0,0,0,0,0,0,0,0,0,0,0,0,0,0,0,0,0,0,0,0,0,0,0,0,0,0,0,0,0,0,0,0,0,0,0,0,0,0,0,0,0,0,0,0,0,0,0,0,0,0,0,0,0,0,0,0,0,0,0,0,0,0,0,0,0,0,0,0,0,0,0,0,0,0,0,0,0,40,0,0,0,0,0,0,0,0,0,80,0,0,0,0,0,0,0,0,0,0,0,0,20,40,0,0,0,0,0,0,0,0,0,0,0,0,0,0,0,0,0,0,0,10,0,20,0,0,0,0,0,0,0,0,0,0,0,0,0,0,0,0,0,0,20,40,0,0,0,0,0,0,0,0,0,0,0,0,0,0,0,0,0,0,0,0,0,0,0,0,0,0
"RigautJalabertetal_morphology_expertise_microscopy","RigautJalabertetal","morphology","expertise","microscopy","RigautJalabertetal_morphology_expertise_microscopy_micro92","micro92",NA,"Eukaryota","Ochrophyta","Chromista",NA,NA,NA,"Bacillariophyceae","Thalassiosirales","Thalassiosiraceae","Thalassiosira","Thalassiosira levanderi/minima",0,0,0,0,120,100,410,50,0,0,0,0,0,0,0,0,0,0,0,0,0,0,0,0,0,0,0,40,0,0,0,0,0,0,0,0,0,0,0,0,40,0,0,0,0,0,0,0,0,0,0,0,540,100,0,2600,5400,120,0,0,0,0,0,0,0,0,0,60,0,0,0,0,0,160,0,0,160,320,4360,1040,560,80,0,0,0,4720,0,0,0,0,0,0,0,0,0,0,0,160,480,160,560,0,3040,3280,880,4040,7920,1160,320,0,120,2960,13360,0,0,0,0,0,0,0,0,0,200,0,0,0,0,200,0,0,8120,107360,7680,0,3660,120,22240,840,0,2200,0,0,0,0,0,0,0,0,280,0,0,220,920,7920,25560,39840,14600,9920,5680,5920,25200,1400,240,11760,0,0,0,0,80,0,0,0,0,0,0,0,0,0,80,1280,6040,440,400,9400,22000,120,0,0,0,0,160,240,0,0,0,0,0,0,0,0,0,1160,1680,8960,48000,258300,3240,9800,22800,2680,80,1720,1960,0,0,1520,360,720,0,0,0,0,0,0,0,580,940,840,1980,10960,44880,20560,8760,6080,0,0,1760,0,0,200,0,0,2680,1720,220,160,440,180,120,0,240,3760,7480,8800,23880,11640,0,0,920,520,0,0,0,0,0,0,0,0,0,0,0,0
"RigautJalabertetal_morphology_expertise_microscopy","RigautJalabertetal","morphology","expertise","microscopy","RigautJalabertetal_morphology_expertise_microscopy_micro93","micro93",NA,"Eukaryota","Ochrophyta","Chromista",NA,NA,NA,"Bacillariophyceae","Thalassiosirales","Thalassiosiraceae","Thalassiosira","Thalassiosira nordenskioeldii",0,0,0,0,0,0,0,0,0,0,0,0,0,0,0,0,0,0,0,0,0,0,0,0,0,0,0,0,0,0,0,0,0,0,0,0,0,0,0,0,0,0,0,0,0,0,0,0,0,0,0,0,0,0,0,0,0,0,0,0,0,0,0,0,0,0,0,0,0,0,0,0,0,0,0,0,0,0,0,0,0,0,0,160,0,0,0,0,0,0,0,0,0,0,0,0,0,0,0,0,0,0,0,0,0,0,0,0,0,0,0,0,0,0,0,0,0,0,0,0,0,0,0,0,0,0,0,0,0,0,0,13280,0,0,0,0,0,0,0,0,0,0,0,0,0,0,0,0,0,0,0,0,0,0,0,0,0,0,0,0,0,0,0,0,0,0,0,0,0,0,0,0,0,0,0,0,0,0,0,0,0,0,0,0,0,0,0,0,0,0,0,0,0,0,0,0,0,0,0,0,0,0,0,0,0,0,0,0,0,0,0,0,0,0,0,0,0,0,0,0,0,0,0,0,0,0,0,0,0,0,0,0,0,0,0,0,0,0,0,0,0,0,0,0,0,0,0,0,0,0,0,0,0,0,0,0,0,0,0,0,0,0,0,0,0,0,0,0,0,0,0,0
"RigautJalabertetal_morphology_expertise_microscopy","RigautJalabertetal","morphology","expertise","microscopy","RigautJalabertetal_morphology_expertise_microscopy_micro94","micro94",NA,"Eukaryota","Ochrophyta","Chromista",NA,NA,NA,"Bacillariophyceae","Thalassiosirales","Thalassiosiraceae","Thalassiosira","Thalassiosira punctigera",0,0,0,0,0,0,0,0,0,0,0,0,0,0,0,0,0,0,0,0,0,0,0,0,0,0,0,0,0,0,0,0,0,0,0,0,0,0,0,0,0,0,0,0,0,0,0,120,0,0,0,0,80,40,100,120,20,40,0,0,0,0,0,0,0,0,0,0,0,40,40,80,0,0,0,160,40,80,120,0,0,0,0,0,0,0,0,0,0,0,0,0,0,0,0,0,0,0,40,40,40,80,0,80,0,0,0,0,0,0,0,0,0,0,0,0,0,0,0,0,0,0,0,0,0,0,0,0,0,0,0,0,0,0,0,0,0,0,0,0,0,0,0,0,0,0,0,0,0,0,0,0,60,80,40,0,80,0,0,0,0,0,0,0,0,0,0,0,0,0,0,0,0,0,0,0,0,40,0,60,20,40,0,0,0,0,0,0,0,0,80,40,0,0,0,0,0,60,60,0,100,240,140,40,80,0,0,0,0,0,0,0,0,0,0,0,0,0,20,0,100,0,0,0,80,50,100,0,40,40,20,0,0,0,0,0,0,0,0,0,0,0,0,0,0,40,0,0,0,0,0,0,40,0,0,0,0,0,0,0,0,0,0,0,0,0,0,0,0,0,20,0
"RigautJalabertetal_morphology_expertise_microscopy","RigautJalabertetal","morphology","expertise","microscopy","RigautJalabertetal_morphology_expertise_microscopy_micro95","micro95",NA,"Eukaryota","Ochrophyta","Chromista",NA,NA,NA,"Bacillariophyceae","Thalassiosirales","Thalassiosiraceae","Thalassiosira","Thalassiosira rotula",320,0,0,0,0,280,0,50,0,0,0,0,0,0,0,240,0,0,0,0,0,0,0,0,0,0,0,40,160,0,0,920,1000,0,0,0,0,0,0,0,0,0,0,0,0,60,140,40,40,0,0,240,320,120,360,7560,11160,320,60,0,0,0,160,80,0,80,40,0,40,400,120,0,80,0,0,80,160,480,680,4360,40,220,2360,9240,360,4240,0,240,560,240,200,200,640,0,0,40,200,0,840,400,400,160,320,0,400,280,18620,4800,1120,160,680,0,0,1280,1760,240,0,0,240,40,0,0,0,0,80,0,0,80,200,880,2400,11600,1840,480,280,0,0,0,40,0,0,0,0,0,0,0,0,0,0,0,0,0,0,0,0,320,0,320,0,0,0,0,0,0,160,0,0,0,0,0,40,0,0,0,20,30,90,500,0,0,80,0,20,100,360,0,80,0,0,0,0,0,0,0,40,0,0,0,0,20,0,0,540,0,40,0,0,0,0,0,0,0,0,0,0,0,0,0,0,0,0,0,0,0,150,0,20,120,260,320,300,0,0,40,0,0,160,0,0,0,0,0,0,0,0,0,0,0,0,0,80,0,60,0,140,1160,0,0,0,80,0,0,0,0,0,0,0,0,0,0,0,0
"RigautJalabertetal_morphology_expertise_microscopy","RigautJalabertetal","morphology","expertise","microscopy","RigautJalabertetal_morphology_expertise_microscopy_micro96","micro96",NA,"Eukaryota","Ochrophyta","Chromista",NA,NA,NA,"Bacillariophyceae","Thalassiosirales","Thalassiosiraceae","Thalassiosira","Thalassiosira subtilis",0,0,0,0,0,0,0,0,0,0,0,0,0,0,0,0,0,0,0,0,0,0,0,0,0,0,0,0,0,0,0,0,0,0,0,0,0,0,0,0,0,0,0,0,0,0,0,0,0,0,0,0,0,0,0,0,0,0,0,0,0,0,0,0,0,0,0,0,0,0,0,0,0,0,0,0,0,0,0,0,0,0,0,0,0,0,0,0,0,0,0,0,0,0,0,0,0,0,0,0,0,0,0,0,0,0,0,0,0,0,0,0,0,0,0,0,0,0,0,0,0,0,0,0,0,0,0,0,0,0,0,0,0,0,0,0,0,0,0,0,0,0,0,0,0,0,0,0,0,0,0,0,0,0,0,0,0,0,0,0,0,0,0,0,0,0,0,0,0,0,0,0,0,0,0,0,0,0,0,0,0,0,0,0,0,0,0,0,0,0,0,0,0,0,0,0,0,0,0,0,0,0,0,0,0,0,0,0,0,0,0,0,0,0,0,0,0,3360,0,0,0,0,0,0,0,0,0,0,0,0,0,0,0,0,0,0,0,660,0,0,0,0,0,0,0,0,0,0,0,0,0,0,0,0,0,0,0,0,0,0,0,0,0,0,0,0,0,0,0,0,0,0
"RigautJalabertetal_morphology_expertise_microscopy","RigautJalabertetal","morphology","expertise","microscopy","RigautJalabertetal_morphology_expertise_microscopy_micro97","micro97",NA,"Eukaryota","Ochrophyta","Chromista",NA,NA,NA,"Bacillariophyceae",NA,NA,NA,"Undetermined Centric sp ",400,420,240,660,180,540,100,120,0,40,40,640,0,0,0,0,0,0,0,60,50,120,500,100,920,1600,280,960,0,460,400,1400,1440,400,380,1240,1160,800,1120,680,720,2360,1400,1200,820,880,420,220,600,1040,400,260,260,240,180,120,200,0,0,80,0,0,0,0,0,0,0,0,0,0,0,80,0,40,80,0,0,0,0,0,0,0,0,40,20,0,40,0,0,0,0,0,0,40,0,0,200,160,0,0,0,0,80,0,0,480,0,0,1120,320,2480,20,80,80,160,0,480,1280,1200,1480,1840,880,560,680,80,600,1000,520,560,360,1000,800,80,160,80,80,0,320,1040,2680,40,680,2120,3160,1320,1200,680,320,320,640,560,240,520,240,160,520,1000,2240,2800,1000,0,0,0,80,240,480,520,240,240,520,0,400,280,240,260,340,390,480,70,0,40,440,40,640,190,1240,120,400,160,120,300,220,40,120,40,440,580,140,480,300,220,130,100,0,480,240,120,40,0,0,0,0,40,460,100,140,0,500,880,820,60,100,560,200,380,360,100,200,220,260,200,20,40,0,260,0,3080,3960,2280,2520,260,440,240,540,460,260,220,540,520,240,460,880,2760,1200,1280,500,640,140,160,280,180,180,760,20,60,140,660,860,580,120,100,240
"RigautJalabertetal_morphology_expertise_microscopy","RigautJalabertetal","morphology","expertise","microscopy","RigautJalabertetal_morphology_expertise_microscopy_micro98","micro98",NA,"Eukaryota","Ochrophyta","Chromista",NA,NA,NA,"Bacillariophyceae",NA,NA,NA,"Undetermined Pennate sp ",280,90,140,140,180,90,80,120,20,0,70,20,480,80,200,1280,20,80,700,20,20,50,300,240,0,0,0,0,160,0,0,0,0,0,0,360,0,0,0,0,40,0,0,0,0,0,200,280,420,0,180,320,280,80,40,520,560,840,1260,880,80,40,360,0,7680,2920,1120,240,120,400,0,80,280,160,120,480,320,80,120,200,280,80,160,40,40,480,40,40,40,0,0,0,160,240,40,200,280,20,680,240,840,520,600,920,320,240,600,0,560,80,200,160,400,0,80,240,80,80,320,80,80,80,360,1200,640,840,1280,1200,800,340,400,80,0,0,120,120,1340,0,0,80,180,0,0,160,0,360,120,0,40,0,90,80,80,200,360,40,80,160,240,200,80,0,80,0,0,40,120,0,80,0,40,100,60,40,110,70,120,200,70,460,20,160,100,80,40,0,40,100,60,40,120,0,20,220,0,280,220,40,90,290,450,320,220,220,320,0,0,40,0,120,80,0,120,100,80,40,120,0,200,780,360,460,820,200,135,105,200,320,240,280,320,280,200,60,20,480,300,40,100,100,160,420,60,260,40,460,500,140,240,120,300,440,90,0,280,100,40,80,320,720,120,20,680,220,300,260,200,400,180,520,380,740
"RigautJalabertetal_morphology_expertise_microscopy","RigautJalabertetal","morphology","expertise","microscopy","RigautJalabertetal_morphology_expertise_microscopy_micro99","micro99",NA,"Eukaryota","Chlorophyta","Plantae",NA,NA,NA,NA,NA,NA,NA,"Undetermined_Chlorophyta",0,0,0,0,0,0,0,0,0,0,0,0,0,240,0,0,0,0,140,0,0,0,0,0,0,0,0,0,40,0,0,0,0,0,0,0,0,0,0,0,0,0,0,0,0,0,0,0,0,0,0,0,0,0,0,0,0,0,0,0,0,0,0,0,0,0,0,0,0,0,0,0,0,0,0,0,0,0,0,0,0,0,0,0,0,0,0,0,0,0,0,0,0,0,0,0,0,0,0,0,0,0,0,40,0,0,0,0,0,0,0,0,0,0,0,0,0,0,0,0,0,0,0,0,0,0,0,0,0,0,0,0,0,0,0,0,0,0,0,0,0,0,0,0,0,20,0,0,0,0,0,0,0,0,200,0,0,0,0,0,0,0,0,0,0,0,160,0,0,0,0,0,0,0,0,0,0,0,0,0,0,0,0,0,0,0,0,0,0,0,0,0,0,0,0,0,0,0,0,0,0,0,0,0,0,0,0,0,0,0,0,0,0,0,0,0,0,0,80,0,0,0,0,0,0,0,40,0,60,0,0,120,0,0,0,0,0,0,0,0,0,0,0,0,480,20,0,0,0,0,0,0,0,0,0,0,0,0,0,0,0,0,180,320,120,60,0,140,100,40,100,180
"RigautJalabertetal_morphology_expertise_microscopy","RigautJalabertetal","morphology","expertise","microscopy","RigautJalabertetal_morphology_expertise_microscopy_micro100","micro100",NA,"Eukaryota","Ochrophyta","Chromista",NA,NA,NA,"Dictyochophyceae","Dictyochales","Dictyochaceae","Dictyocha","Dictyocha crux",0,0,0,0,0,0,0,0,0,0,0,0,0,0,0,0,0,0,0,0,0,0,0,0,0,0,0,0,0,0,0,0,0,0,0,0,0,0,0,0,0,0,40,0,0,0,0,0,0,0,0,0,0,40,0,0,0,0,0,0,0,0,0,0,0,0,0,0,0,0,0,0,0,0,0,0,0,0,0,0,0,0,0,0,0,0,0,0,0,0,0,0,0,0,0,0,0,0,0,0,0,0,0,0,0,0,0,0,0,0,0,0,0,0,0,0,0,0,0,0,0,0,0,0,0,0,0,0,0,0,0,0,0,0,0,0,0,0,0,0,0,0,0,0,0,0,0,0,0,0,0,0,0,0,0,0,0,0,0,0,0,0,0,0,0,0,0,0,0,0,0,0,0,0,0,0,0,0,0,0,0,0,0,0,0,0,0,0,0,0,0,0,0,0,0,0,0,0,0,0,0,0,0,0,0,0,0,0,0,0,0,0,0,0,0,0,0,0,0,0,0,0,0,0,0,0,0,0,0,0,0,0,0,0,0,0,0,0,0,0,0,0,0,0,0,0,0,0,0,0,0,0,0,0,0,0,0,0,0,0,0,0,0,0,0,0,0,0,0,0,0,0
"RigautJalabertetal_morphology_expertise_microscopy","RigautJalabertetal","morphology","expertise","microscopy","RigautJalabertetal_morphology_expertise_microscopy_micro101","micro101",NA,"Eukaryota","Ochrophyta","Chromista",NA,NA,NA,"Dictyochophyceae","Dictyochales","Dictyochaceae","Dictyocha","Dictyocha fibula",0,0,0,0,0,0,0,0,0,0,0,0,0,0,0,0,0,0,0,0,0,0,20,0,0,0,0,0,0,0,0,0,0,0,0,0,0,0,0,0,0,0,0,0,0,0,40,0,0,0,0,0,0,40,0,0,0,0,0,0,0,0,0,0,0,0,0,0,0,0,0,0,0,0,0,20,0,40,40,0,0,0,0,0,0,0,0,0,0,0,0,0,0,0,0,0,0,0,80,80,0,40,0,0,0,0,0,0,0,0,0,0,0,0,0,0,0,0,0,0,0,0,0,40,0,0,0,0,0,0,0,0,0,0,0,0,0,0,0,0,0,0,0,0,0,0,0,0,0,0,0,20,0,0,0,0,0,0,0,0,0,0,0,0,0,0,0,0,0,0,0,0,0,0,0,0,0,20,0,40,0,0,0,0,0,0,0,0,0,0,0,0,0,0,0,0,0,0,20,100,40,0,20,0,40,0,0,0,0,0,0,20,40,0,0,0,0,0,20,40,0,0,0,0,0,0,0,0,0,20,20,0,0,0,0,0,0,0,0,0,0,0,0,0,0,0,0,0,0,0,0,0,0,0,0,0,0,0,0,0,0,0,0,0,0,0,0,0,0,0,0,0
"RigautJalabertetal_morphology_expertise_microscopy","RigautJalabertetal","morphology","expertise","microscopy","RigautJalabertetal_morphology_expertise_microscopy_micro102","micro102",NA,"Eukaryota","Ochrophyta","Chromista",NA,NA,NA,"Dictyochophyceae","Dictyochales","Dictyochaceae","Dictyocha","Dictyocha sp",80,0,0,0,0,0,0,0,0,0,0,0,0,0,0,0,0,0,0,0,0,0,0,0,20,0,0,0,0,0,0,0,0,0,0,0,40,0,0,0,0,0,0,0,0,0,0,0,20,0,0,0,0,0,0,0,0,0,0,0,0,0,0,0,0,0,0,0,0,0,0,0,0,0,0,0,0,0,0,0,0,0,0,0,0,0,0,0,0,0,0,0,0,0,0,0,0,0,0,0,0,0,0,0,0,0,0,0,0,0,0,0,0,0,0,0,0,0,0,0,0,0,0,0,0,0,0,0,0,0,0,0,0,0,0,0,0,0,0,0,0,0,0,0,0,0,0,0,0,0,0,0,0,0,0,0,0,0,0,0,0,0,0,0,0,0,0,0,0,0,0,0,0,0,0,0,0,0,0,0,0,0,0,0,0,0,0,0,0,0,0,0,0,0,0,0,40,40,0,0,0,0,0,0,0,0,0,0,0,0,0,0,0,0,0,0,0,0,0,0,0,0,0,0,0,0,0,0,0,0,0,0,0,0,0,0,0,0,0,0,0,0,0,0,20,0,0,0,0,0,0,0,0,0,0,0,0,0,0,0,0,20,0,0,0,0,20,20,0,0,0,0
"RigautJalabertetal_morphology_expertise_microscopy","RigautJalabertetal","morphology","expertise","microscopy","RigautJalabertetal_morphology_expertise_microscopy_micro103","micro103",NA,"Eukaryota","Ochrophyta","Chromista",NA,NA,NA,"Dictyochophyceae","Dictyochales","Dictyochaceae","Dictyocha","Dictyocha speculum",0,0,0,0,0,0,0,0,20,20,20,0,40,160,80,800,100,80,60,30,0,30,0,0,0,0,0,0,0,0,40,0,80,80,0,40,0,40,0,160,120,200,240,400,40,40,120,40,0,40,0,0,0,0,20,80,20,80,140,80,40,240,160,40,0,0,120,2400,120,120,120,80,40,40,20,40,80,40,0,160,120,20,0,160,60,120,40,40,120,40,120,0,40,280,240,120,160,0,80,40,80,80,40,0,0,40,80,40,320,120,0,80,80,240,560,320,160,240,80,200,160,160,120,100,0,0,0,80,0,40,80,80,0,0,0,40,80,160,80,20,0,0,40,80,40,40,40,40,40,0,0,0,20,40,40,40,20,320,240,200,1040,440,480,200,280,200,160,40,80,0,0,0,20,20,40,0,0,0,0,0,0,0,0,0,0,640,300,160,60,80,160,40,100,40,40,60,30,0,0,20,10,80,0,40,40,0,0,0,0,0,40,100,20,20,20,60,20,20,80,100,40,60,0,20,0,0,0,40,0,0,0,0,0,0,60,240,80,100,100,60,20,0,80,60,40,20,40,40,20,40,20,40,40,40,40,80,40,20,60,240,60,60,20,40,40,20,20,40,80,20,60,80
"RigautJalabertetal_morphology_expertise_microscopy","RigautJalabertetal","morphology","expertise","microscopy","RigautJalabertetal_morphology_expertise_microscopy_micro104","micro104",NA,"Eukaryota","Myzozoa","Chromista",NA,NA,NA,"Dinophyceae","Gonyaulacales","Gonyaulacaceae","Alexandrium","Alexandrium sp",0,0,0,0,0,0,0,0,0,0,0,0,0,0,0,0,0,0,0,0,0,0,0,0,0,0,0,0,0,0,0,0,240,0,220,80,0,360,80,680,40,320,0,120,20,20,0,0,0,40,0,40,0,0,0,0,0,0,0,0,0,0,0,0,0,0,0,0,0,0,0,0,0,0,0,0,0,0,0,0,0,0,0,0,0,0,0,0,0,0,0,0,0,0,40,0,0,0,0,0,0,0,0,0,0,0,0,0,0,0,0,0,0,0,0,0,0,0,0,0,0,0,0,0,0,0,0,0,0,0,0,0,0,0,0,40,0,0,0,0,0,0,0,0,0,0,0,0,0,0,0,0,0,0,0,0,0,0,0,0,0,0,0,0,0,0,0,0,0,0,0,0,0,0,0,0,0,0,0,0,0,0,0,0,0,0,0,0,0,0,0,0,0,0,0,0,0,0,0,0,0,0,0,0,0,0,0,0,0,0,0,40,0,0,0,40,0,0,0,0,0,0,0,0,0,0,0,0,0,0,0,0,0,0,0,0,0,0,0,0,0,0,0,0,0,0,0,0,0,0,0,0,0,0,0,0,0,0,0,0,0,0,0,0,0,0,0,0,0,0,0,0
"RigautJalabertetal_morphology_expertise_microscopy","RigautJalabertetal","morphology","expertise","microscopy","RigautJalabertetal_morphology_expertise_microscopy_micro105","micro105",NA,"Eukaryota","Myzozoa","Chromista",NA,NA,NA,"Dinophyceae","Gymnodiniales","Gymnodiniaceae","Amphidinium","Amphidinium carterae",0,0,0,0,0,0,0,0,0,0,0,0,0,0,0,0,0,0,0,0,0,0,0,0,0,0,0,0,0,0,0,0,0,0,0,0,0,0,0,0,0,0,0,0,0,0,0,0,0,0,0,0,0,0,0,0,0,0,0,0,0,0,0,0,0,0,0,0,0,0,0,0,0,0,0,0,0,0,0,0,0,0,0,0,0,0,0,0,0,0,0,0,0,0,0,0,0,0,0,0,0,0,0,0,0,0,0,0,0,0,0,0,0,0,0,0,0,0,80,0,0,0,0,0,0,0,0,0,0,0,0,0,0,0,0,0,0,0,0,0,0,0,0,0,0,0,0,0,0,0,0,0,0,0,0,0,0,0,0,0,0,0,0,0,0,0,0,0,0,0,0,0,0,0,0,0,0,0,0,0,0,0,0,0,40,0,0,0,0,0,0,0,0,0,0,0,0,0,0,0,0,0,0,0,0,0,0,0,0,0,0,0,0,0,0,0,0,0,0,0,0,0,0,0,0,0,0,0,0,0,0,0,0,0,0,0,0,0,0,0,0,0,0,0,0,0,20,0,0,0,0,0,0,0,0,0,0,0,0,0,0,0,0,0,0,0,0,0,0,0,0,0
"RigautJalabertetal_morphology_expertise_microscopy","RigautJalabertetal","morphology","expertise","microscopy","RigautJalabertetal_morphology_expertise_microscopy_micro106","micro106",NA,"Eukaryota","Myzozoa","Chromista",NA,NA,NA,"Dinophyceae","Gonyaulacales","Ceratiaceae","Ceratium","Ceratium furca",0,0,0,0,0,0,0,0,0,0,0,0,0,0,0,0,0,0,0,0,0,0,0,0,0,0,0,0,0,0,0,0,0,0,0,0,0,0,0,0,0,0,0,0,0,0,0,0,0,0,0,0,0,0,0,0,0,0,0,0,0,0,0,0,0,0,0,0,0,0,0,0,0,0,0,0,0,0,0,0,0,0,0,0,0,0,0,0,0,0,0,0,0,0,0,0,0,0,0,0,0,0,0,0,0,0,0,0,0,0,0,0,0,0,0,0,0,0,0,0,0,0,0,0,0,0,0,0,0,0,0,0,0,0,0,0,0,0,0,0,0,0,0,0,0,0,0,0,0,0,0,0,0,0,0,0,0,0,0,0,0,0,0,0,0,0,0,0,0,0,0,0,0,0,0,0,0,0,0,0,0,0,0,0,0,0,0,0,0,20,0,0,0,0,0,0,0,0,0,0,0,0,0,0,20,0,0,0,0,0,0,0,0,0,0,0,0,0,0,0,0,0,0,10,0,0,0,0,0,0,0,0,0,0,0,0,0,0,0,0,40,0,0,0,20,20,0,0,0,0,0,0,0,0,0,0,0,0,0,0,0,20,0,0,0,0,0,0,0,0,0,0
"RigautJalabertetal_morphology_expertise_microscopy","RigautJalabertetal","morphology","expertise","microscopy","RigautJalabertetal_morphology_expertise_microscopy_micro107","micro107",NA,"Eukaryota","Myzozoa","Chromista",NA,NA,NA,"Dinophyceae","Gonyaulacales","Ceratiaceae","Ceratium","Ceratium fusus",0,0,0,0,0,0,0,0,0,0,0,0,0,0,40,0,0,0,0,0,0,0,0,0,0,0,0,0,0,0,0,0,0,0,0,0,0,0,0,0,0,40,0,0,0,0,0,0,0,0,0,0,0,0,0,0,0,0,0,0,0,0,40,0,0,0,0,0,0,0,0,0,0,0,0,0,0,0,0,0,0,0,0,0,0,0,0,40,0,0,0,0,0,0,40,0,0,0,0,0,0,0,0,0,0,0,0,0,0,0,0,0,0,0,0,0,20,20,20,0,0,0,0,0,0,0,0,0,0,0,0,0,0,0,0,0,0,0,0,0,0,0,0,0,0,0,0,0,0,0,0,0,0,0,0,0,0,0,0,0,0,0,0,0,40,0,0,0,0,0,0,0,0,0,0,0,0,0,0,0,0,0,0,0,0,0,40,0,40,40,20,20,0,0,0,0,0,0,0,0,0,0,0,0,0,0,0,0,0,0,0,60,20,20,0,0,0,0,0,0,0,0,0,0,0,0,0,0,0,0,0,0,0,0,0,0,0,20,20,0,0,0,0,0,0,0,0,0,0,0,0,0,0,0,0,0,0,0,0,0,20,0,0,40,0,0,20,0,0,0,0,0
"RigautJalabertetal_morphology_expertise_microscopy","RigautJalabertetal","morphology","expertise","microscopy","RigautJalabertetal_morphology_expertise_microscopy_micro108","micro108",NA,"Eukaryota","Myzozoa","Chromista",NA,NA,NA,"Dinophyceae","Gonyaulacales","Ceratiaceae","Ceratium","Ceratium sp",0,0,0,0,0,0,0,0,0,0,0,0,0,0,0,0,0,0,0,0,0,0,0,0,0,0,0,0,0,0,0,0,0,0,0,0,0,0,0,0,0,0,0,0,0,0,0,0,0,0,0,0,0,0,0,0,0,0,0,0,0,0,0,0,0,0,0,0,0,0,0,0,0,0,0,0,0,0,0,0,0,0,0,0,0,0,0,0,0,0,0,0,0,0,0,0,0,0,0,0,0,0,0,0,0,0,0,0,20,0,0,0,0,0,0,0,0,0,0,20,0,0,0,0,0,0,0,0,0,0,0,0,0,0,0,0,0,0,0,0,0,0,0,0,0,0,0,0,0,0,0,0,0,0,0,0,0,0,0,0,0,0,0,0,0,0,20,0,0,0,0,0,0,0,0,0,0,0,0,0,0,0,0,0,0,0,0,0,0,0,0,0,0,0,0,0,0,0,0,0,0,0,0,0,0,0,0,0,0,0,0,0,0,0,0,0,0,20,0,0,0,0,0,0,0,0,0,0,0,0,0,0,0,0,0,0,0,20,0,0,0,0,0,0,0,0,0,0,0,0,0,0,0,0,0,0,0,0,0,0,0,0,0,0,0,0,0,0,20,0,0,0
"RigautJalabertetal_morphology_expertise_microscopy","RigautJalabertetal","morphology","expertise","microscopy","RigautJalabertetal_morphology_expertise_microscopy_micro109","micro109",NA,"Eukaryota","Myzozoa","Chromista",NA,NA,NA,"Dinophyceae","Gonyaulacales","Ceratiaceae","Ceratium","Ceratium lineatum",0,0,0,0,0,0,0,0,0,0,0,0,0,0,0,80,0,0,0,0,0,0,0,0,0,0,0,0,0,0,0,0,0,0,0,0,0,0,0,0,80,0,40,0,0,20,0,0,0,0,0,0,0,0,0,0,0,0,0,0,0,20,120,80,20,20,0,0,0,40,0,0,0,0,0,0,0,0,0,0,0,0,0,0,0,0,0,0,0,0,0,0,0,0,0,40,0,0,0,0,0,0,0,0,0,0,0,20,0,0,0,0,0,0,0,0,0,20,0,0,0,0,0,0,0,0,0,0,20,0,0,20,0,0,0,0,0,0,60,0,0,0,20,0,0,0,0,0,0,0,0,0,0,0,0,0,0,0,0,0,0,0,0,0,0,0,0,20,0,0,0,0,0,0,0,0,0,0,0,0,0,20,0,0,0,0,40,100,100,100,140,60,20,20,20,0,0,0,0,0,0,0,0,20,0,0,0,0,0,0,0,0,20,0,0,0,0,0,0,0,0,0,0,0,0,0,0,0,0,0,0,0,0,0,0,20,20,40,80,20,0,0,0,0,0,0,20,0,0,0,0,0,0,0,0,0,0,0,20,0,20,0,0,60,20,40,0,0,0,0,0,0
"RigautJalabertetal_morphology_expertise_microscopy","RigautJalabertetal","morphology","expertise","microscopy","RigautJalabertetal_morphology_expertise_microscopy_micro110","micro110",NA,"Eukaryota","Myzozoa","Chromista",NA,NA,NA,"Dinophyceae","Dinophysiales","Dinophysiaceae","Dinophysis","Dinophysis acuta / Dinophysis acuminata",0,0,0,0,0,0,0,0,0,0,0,20,0,20,0,80,0,0,0,0,0,0,0,0,0,0,0,0,0,0,0,0,0,0,0,0,40,0,0,0,0,0,0,0,0,0,0,0,0,0,0,0,0,0,0,0,0,0,0,0,80,80,20,0,0,0,0,40,0,0,0,0,0,0,0,0,0,0,0,0,0,0,0,0,0,0,0,0,0,0,0,0,0,0,0,0,0,0,0,0,0,0,0,0,0,0,0,0,0,40,20,0,0,0,0,0,80,20,20,0,0,0,0,0,0,0,0,0,0,0,0,0,0,0,0,0,0,0,0,30,80,0,0,0,20,0,0,0,0,0,0,0,0,0,0,0,0,0,20,0,0,20,0,60,0,40,0,0,0,0,0,0,0,0,0,0,0,0,0,0,0,0,0,0,0,0,140,0,0,0,0,20,0,0,0,0,0,0,0,0,0,0,0,0,0,0,0,0,0,20,20,20,0,0,0,0,0,0,0,0,0,0,0,0,0,0,0,0,0,0,0,0,0,0,0,20,0,0,0,0,0,0,0,0,0,0,0,0,0,0,0,0,0,0,0,0,20,0,0,0,0,20,0,20,0,0,20,0,0,0,0,0
"RigautJalabertetal_morphology_expertise_microscopy","RigautJalabertetal","morphology","expertise","microscopy","RigautJalabertetal_morphology_expertise_microscopy_micro111","micro111",NA,"Eukaryota","Myzozoa","Chromista",NA,NA,NA,"Dinophyceae","Dinophysiales","Dinophysiaceae","Phalacroma","Phalacroma rotundatum",0,0,0,0,0,0,0,0,0,0,0,0,0,0,0,0,0,0,0,0,0,0,0,0,0,0,0,0,0,0,0,0,0,0,0,0,0,0,0,0,0,0,0,0,0,0,0,0,0,0,0,0,0,0,0,40,0,0,0,0,0,0,0,0,0,0,0,0,0,0,0,0,0,0,0,0,0,0,0,0,0,0,0,0,0,0,0,0,0,0,0,0,0,0,0,0,0,0,0,0,0,0,0,0,0,0,0,0,0,0,0,0,0,0,0,0,0,0,0,0,0,0,0,0,0,0,0,0,0,0,0,0,0,0,0,0,0,0,0,0,0,0,0,0,0,0,0,0,0,0,0,0,0,0,0,0,0,0,0,0,0,0,0,0,0,0,0,0,0,0,0,0,0,0,0,0,0,0,0,0,0,0,0,0,0,0,0,0,0,0,0,0,0,0,0,0,0,0,0,0,0,0,0,0,0,0,0,0,0,0,0,0,0,20,0,0,0,0,0,0,0,0,0,0,0,0,0,0,0,0,0,0,0,0,0,0,0,0,0,0,0,20,0,0,0,0,0,0,0,0,0,0,0,0,0,0,0,0,0,0,0,0,0,0,0,0,0,0,0,0,0,0
"RigautJalabertetal_morphology_expertise_microscopy","RigautJalabertetal","morphology","expertise","microscopy","RigautJalabertetal_morphology_expertise_microscopy_micro112","micro112",NA,"Eukaryota","Myzozoa","Chromista",NA,NA,NA,"Dinophyceae","Dinophysiales","Dinophysiaceae","Dinophysis","Dinophysis sp",0,0,0,0,0,0,0,0,0,0,0,0,0,0,0,0,0,0,0,0,0,0,0,0,0,0,0,0,0,0,0,0,0,0,0,0,0,0,0,0,0,0,0,0,0,0,0,0,0,0,0,0,0,0,0,0,0,0,0,0,0,0,0,0,0,0,0,0,0,0,0,0,0,0,0,0,0,0,0,0,0,0,0,0,0,0,0,0,0,0,0,0,0,0,0,0,0,0,0,0,0,0,0,0,40,0,0,0,0,0,0,0,0,0,0,0,0,0,0,0,0,0,0,0,0,0,0,0,0,0,0,0,0,0,0,0,0,0,0,0,0,0,0,0,0,0,0,0,0,0,0,0,0,0,0,0,0,0,0,0,0,0,0,0,0,0,0,0,0,0,0,0,0,0,0,0,0,0,0,0,0,0,0,0,0,0,0,0,0,0,0,0,0,0,0,0,0,0,0,0,0,0,0,0,0,0,0,0,0,0,0,0,0,0,0,0,0,0,0,0,0,0,0,0,0,0,0,0,0,0,0,0,0,0,0,0,0,80,0,0,0,0,0,0,0,0,0,0,0,0,0,0,0,0,0,0,0,0,0,0,0,0,0,0,0,0,0,0,0,0,0,0
"RigautJalabertetal_morphology_expertise_microscopy","RigautJalabertetal","morphology","expertise","microscopy","RigautJalabertetal_morphology_expertise_microscopy_micro113","micro113",NA,"Eukaryota","Myzozoa","Chromista",NA,NA,NA,"Dinophyceae","Dinophysiales","Dinophysiaceae","Dinophysis","Dinophysis tripos",0,0,0,0,0,0,0,0,0,0,0,0,0,0,0,0,0,0,0,0,0,0,0,10,0,0,0,0,0,0,0,0,0,0,0,0,0,0,0,0,0,0,0,0,0,0,0,0,0,0,0,0,0,0,0,0,0,0,0,0,0,0,0,0,0,0,0,0,0,0,0,0,0,0,0,0,0,0,0,0,0,0,0,0,0,0,0,0,0,0,0,0,0,0,0,0,0,0,0,0,0,0,0,0,0,0,0,0,0,0,0,0,0,0,0,0,0,0,0,0,0,0,0,0,0,0,0,0,0,0,0,0,0,0,0,0,0,0,0,0,0,0,0,0,0,0,0,0,0,0,0,0,0,0,0,0,0,0,0,0,0,0,0,0,0,0,0,0,0,0,0,0,0,0,0,0,0,0,0,0,0,0,0,0,0,0,0,0,0,0,40,0,0,0,0,0,0,0,0,0,0,0,0,0,0,0,0,0,0,0,0,0,0,0,0,0,0,0,0,0,0,0,0,0,0,0,0,0,0,0,0,0,0,0,0,0,0,0,0,0,0,0,0,0,0,0,0,0,0,0,0,0,0,0,0,0,0,0,0,0,0,0,0,0,0,0,0,0,0,0,0,0
"RigautJalabertetal_morphology_expertise_microscopy","RigautJalabertetal","morphology","expertise","microscopy","RigautJalabertetal_morphology_expertise_microscopy_micro114","micro114",NA,"Eukaryota","Myzozoa","Chromista",NA,NA,NA,"Dinophyceae","Peridiniales","Protoperidiniaceae","Diplopsalis","Diplopsalis sp",0,0,0,0,0,0,0,0,0,0,0,0,0,0,0,0,0,0,0,0,0,0,0,0,0,0,0,0,0,0,0,0,0,0,0,0,0,0,0,0,0,0,0,0,0,0,0,0,0,0,0,0,0,0,0,0,0,0,0,0,0,40,0,0,0,0,0,160,0,0,0,0,0,0,0,0,0,0,0,0,0,0,0,0,0,0,0,0,0,0,0,0,0,0,0,0,0,0,0,0,0,0,0,0,0,0,0,0,0,0,0,0,0,0,0,0,0,0,0,0,0,0,0,0,0,0,0,0,0,0,0,0,0,0,0,0,0,0,0,0,0,0,0,0,0,0,0,0,0,0,0,0,0,0,0,0,0,0,0,0,0,0,0,0,0,0,0,0,0,0,0,0,0,0,0,0,0,0,0,0,0,0,0,0,0,0,100,0,0,0,0,0,0,0,0,0,0,0,0,0,0,0,0,0,40,0,0,0,0,0,0,0,0,0,0,0,0,0,0,0,0,0,0,0,0,0,0,0,0,0,0,0,0,0,0,0,0,0,0,0,0,0,0,0,0,0,0,0,0,0,0,0,0,0,0,0,0,0,0,0,0,0,0,0,0,0,0,0,0,0,0,0
"RigautJalabertetal_morphology_expertise_microscopy","RigautJalabertetal","morphology","expertise","microscopy","RigautJalabertetal_morphology_expertise_microscopy_micro115","micro115",NA,"Eukaryota","Myzozoa","Chromista",NA,NA,NA,"Dinophyceae","Pyrocystales","Pyrocystaceae",NA,"Dissodinium pseudolunula / Pyrocystis lunula",0,0,0,0,0,0,0,0,0,0,0,0,0,0,0,20,0,0,0,0,0,0,0,0,0,0,0,0,0,0,0,0,0,0,0,0,0,0,0,0,0,0,0,0,0,0,0,0,0,0,0,0,0,0,0,0,0,0,0,0,0,0,0,0,0,0,0,0,0,0,0,0,0,0,0,0,0,0,0,0,0,0,0,0,0,0,0,0,0,0,0,0,0,0,0,0,0,0,0,0,0,0,0,0,0,0,0,20,20,0,0,0,0,0,0,0,0,0,0,0,0,0,0,0,0,0,0,0,0,0,0,0,0,0,0,0,0,0,0,0,0,0,0,0,0,0,0,0,0,0,0,0,0,0,0,0,0,0,0,0,0,0,0,0,0,0,0,20,0,0,0,0,0,0,0,0,0,0,0,0,0,0,0,0,0,0,0,0,0,0,0,0,0,0,0,0,0,0,0,0,0,0,0,0,0,0,0,0,0,20,0,20,0,0,0,0,0,0,0,0,0,0,0,0,0,0,0,0,0,0,0,0,0,0,0,0,0,0,0,0,0,0,0,0,0,0,0,0,0,0,0,0,0,0,0,0,0,0,20,0,0,0,0,0,0,0,0,0,0,0,0,0
"RigautJalabertetal_morphology_expertise_microscopy","RigautJalabertetal","morphology","expertise","microscopy","RigautJalabertetal_morphology_expertise_microscopy_micro116","micro116",NA,"Eukaryota","Myzozoa","Chromista",NA,NA,NA,"Dinophyceae","Gonyaulacales","Gonyaulacaceae","Gonyaulax","Gonyaulax sp",0,0,0,0,0,0,0,0,0,0,0,0,0,0,0,0,20,0,0,0,0,0,0,0,0,0,0,0,0,0,0,0,0,0,0,0,0,0,0,0,0,0,0,0,0,0,0,0,0,0,0,0,0,0,0,0,0,40,0,0,0,0,0,0,0,0,0,0,0,0,0,0,0,0,0,0,0,0,0,0,40,0,40,0,0,0,0,0,0,0,0,0,0,0,0,0,0,0,0,0,0,0,0,0,0,0,20,0,0,0,0,0,0,0,0,0,0,0,0,0,0,0,0,0,0,0,0,0,0,0,0,0,0,0,0,0,0,0,0,0,0,0,0,0,0,0,0,0,0,0,0,0,0,0,0,0,0,0,0,0,0,0,0,0,0,0,0,0,0,0,0,0,0,0,0,0,0,0,0,0,0,0,0,0,0,0,40,0,0,0,0,0,0,0,0,0,0,0,0,0,0,0,0,0,0,0,0,0,0,0,40,60,0,0,0,20,0,0,0,0,0,0,0,0,0,0,0,0,0,0,0,0,0,0,0,0,0,0,0,0,0,0,0,0,0,0,0,0,0,0,0,0,0,0,0,0,0,0,0,0,0,0,0,0,0,0,0,0,0,0,0,0
"RigautJalabertetal_morphology_expertise_microscopy","RigautJalabertetal","morphology","expertise","microscopy","RigautJalabertetal_morphology_expertise_microscopy_micro117","micro117",NA,"Eukaryota","Myzozoa","Chromista",NA,NA,NA,"Dinophyceae","Gymnodiniales","Gymnodiniaceae","Gymnodinium","Gymnodinium sp",0,0,0,0,0,0,0,0,0,0,0,0,0,0,0,0,60,0,0,10,0,0,0,0,20,0,0,0,0,0,40,0,0,0,0,0,0,0,0,0,0,0,0,0,0,0,0,0,0,0,0,0,0,0,0,0,0,0,60,0,0,120,120,440,80,40,160,200,0,40,0,40,80,40,120,0,0,80,0,20,0,0,40,40,0,480,240,40,0,0,0,0,0,0,80,0,240,40,0,0,0,0,80,0,0,560,0,0,80,80,0,0,0,0,0,0,240,20,40,40,0,0,200,0,0,80,40,0,40,40,0,0,0,0,0,0,0,0,0,0,0,0,0,0,0,0,0,0,0,0,0,0,0,0,0,0,40,0,0,0,0,0,40,20,0,0,0,0,0,0,0,0,0,0,0,0,0,0,0,0,0,100,60,120,160,0,120,0,0,0,200,160,160,0,0,180,0,0,0,0,0,0,0,0,0,80,160,0,0,0,0,200,60,0,60,320,140,80,160,0,0,0,0,0,0,0,80,0,0,0,0,100,0,0,0,0,0,0,0,0,0,0,0,0,0,0,0,0,0,0,0,100,0,0,120,0,0,0,0,0,0,0,0,0,0,0,0,0,0,0,0,0
"RigautJalabertetal_morphology_expertise_microscopy","RigautJalabertetal","morphology","expertise","microscopy","RigautJalabertetal_morphology_expertise_microscopy_micro118","micro118",NA,"Eukaryota","Myzozoa","Chromista",NA,NA,NA,"Dinophyceae","Gymnodiniales","Gymnodiniaceae","Gyrodinium","Gyrodinium sp",0,0,0,0,0,0,20,30,0,0,0,20,0,80,120,240,140,40,0,0,0,10,0,0,0,0,180,40,80,20,0,160,200,0,200,160,440,160,0,200,160,120,0,80,40,60,0,0,0,0,20,40,60,120,80,160,40,120,140,40,40,160,40,40,0,40,40,400,0,0,0,40,0,0,0,0,80,0,200,200,80,0,200,40,60,120,40,0,0,0,0,0,240,120,40,0,40,0,80,0,0,0,0,0,40,0,40,160,160,0,40,0,0,40,80,0,0,0,0,0,0,0,0,0,0,0,0,0,40,40,160,90,160,80,160,40,0,60,120,60,120,0,0,0,20,0,0,0,0,40,140,0,0,0,60,0,0,240,0,20,0,0,0,0,240,40,40,0,0,0,80,40,0,0,0,0,40,20,0,40,40,20,0,80,100,280,220,120,360,80,80,40,40,40,0,40,40,40,10,20,0,0,200,20,40,0,0,160,80,140,120,220,80,360,40,80,60,0,40,0,20,0,0,20,0,10,80,40,20,100,100,0,180,40,240,360,80,80,20,180,180,60,120,0,40,40,20,40,80,20,60,20,60,40,40,80,480,300,40,160,80,280,40,80,200,160,40,120,80,100,100,40
"RigautJalabertetal_morphology_expertise_microscopy","RigautJalabertetal","morphology","expertise","microscopy","RigautJalabertetal_morphology_expertise_microscopy_micro119","micro119",NA,"Eukaryota","Myzozoa","Chromista",NA,NA,NA,"Dinophyceae","Peridiniales","Peridiniida incertae sedis","Heterocapsa","Heterocapsa triquetra",0,0,0,0,0,0,0,0,0,0,0,0,0,0,0,0,0,0,0,0,0,0,0,0,0,0,0,0,0,0,0,0,0,0,0,0,0,0,0,0,0,0,0,0,0,0,0,0,0,0,0,0,0,0,0,0,0,0,0,0,0,0,0,0,0,0,0,0,0,0,0,0,0,0,0,0,0,0,0,0,0,0,0,0,0,0,0,0,0,0,0,0,0,0,0,0,0,0,0,0,0,0,0,0,0,0,0,0,0,0,0,0,0,0,0,0,0,0,0,0,0,0,0,0,0,0,0,0,0,0,0,0,0,0,0,0,0,0,0,0,0,0,0,0,0,0,0,0,0,0,0,0,0,0,20,0,0,0,0,0,0,0,0,0,40,0,0,0,0,0,0,0,0,0,0,0,0,0,0,0,0,0,0,0,0,0,0,0,0,0,0,0,0,0,0,0,0,0,0,0,0,0,0,0,0,0,0,0,0,0,0,0,0,0,0,80,0,0,0,0,0,0,0,0,0,0,0,0,0,0,0,0,0,0,0,0,0,0,0,0,0,0,0,0,0,0,0,0,0,0,0,0,0,0,0,0,0,0,0,0,0,40,0,0,0,0,40,0,0,0,0,0
"RigautJalabertetal_morphology_expertise_microscopy","RigautJalabertetal","morphology","expertise","microscopy","RigautJalabertetal_morphology_expertise_microscopy_micro120","micro120",NA,"Eukaryota","Myzozoa","Chromista",NA,NA,NA,"Dinophyceae","Gymnodiniales","Kareniaceae","Karenia","Karenia mikimotoi",0,0,0,0,0,0,0,0,0,0,0,0,0,0,0,0,0,0,0,0,0,0,0,0,0,0,0,0,0,0,0,0,0,0,0,0,0,0,0,0,0,0,0,0,0,0,0,0,0,0,0,0,0,0,0,0,0,0,0,0,0,0,0,0,0,0,0,0,0,0,0,0,0,0,0,0,0,0,0,0,0,0,0,0,0,0,0,0,0,0,0,0,0,0,0,0,0,0,0,0,0,0,0,0,0,0,0,0,0,0,0,0,0,0,0,0,0,0,0,0,0,0,0,0,0,0,0,0,0,0,0,0,0,0,0,0,0,0,0,0,0,20,40,20,20,0,0,20,0,0,0,0,0,0,0,0,0,0,0,0,0,0,0,0,80,360,200,80,0,0,0,0,0,0,0,0,0,0,0,0,40,0,0,0,0,120,0,0,0,0,0,60,0,0,0,0,0,0,0,0,0,0,0,0,0,0,0,0,0,0,0,240,40,20,40,0,0,0,0,0,0,0,0,0,10,0,0,0,0,0,0,0,0,0,20,0,0,200,500,80,60,0,0,0,0,0,0,0,0,0,0,0,0,0,0,0,0,0,0,0,0,0,0,0,0,20,0,0,0,0,0,0
"RigautJalabertetal_morphology_expertise_microscopy","RigautJalabertetal","morphology","expertise","microscopy","RigautJalabertetal_morphology_expertise_microscopy_micro121","micro121",NA,"Eukaryota","Myzozoa","Chromista",NA,NA,NA,"Dinophyceae","Noctilucales","Noctilucaceae","Noctiluca","Noctiluca scintillans",0,0,0,0,0,0,0,0,0,0,0,0,0,0,0,0,0,0,0,0,0,0,0,0,0,0,0,0,0,0,0,0,0,0,0,0,0,0,0,0,0,0,0,0,0,0,0,0,0,0,0,0,0,0,0,0,0,0,0,0,0,0,0,0,0,0,0,0,0,0,0,0,0,0,0,0,0,0,0,0,0,0,0,0,0,0,0,0,0,0,0,0,0,0,0,0,0,0,0,0,0,0,0,0,0,0,0,0,0,0,0,0,0,0,0,0,0,0,0,0,0,0,0,0,0,0,0,0,0,0,0,0,0,0,0,0,0,0,0,0,0,0,0,0,0,0,0,0,0,0,0,0,0,0,0,0,0,0,0,0,0,0,0,0,0,0,0,0,0,0,0,0,0,0,0,0,0,0,0,0,0,0,0,0,0,0,0,0,0,0,20,0,0,0,0,0,0,0,0,0,0,0,0,0,0,0,0,0,0,0,0,0,0,0,0,0,0,0,0,0,0,0,0,0,0,0,0,0,0,0,0,0,0,0,0,0,0,0,0,0,0,0,0,0,0,0,0,0,0,0,0,0,0,0,0,0,0,0,0,0,0,0,0,0,0,0,0,0,0,0,0,0
"RigautJalabertetal_morphology_expertise_microscopy","RigautJalabertetal","morphology","expertise","microscopy","RigautJalabertetal_morphology_expertise_microscopy_micro122","micro122",NA,"Eukaryota","Myzozoa","Chromista",NA,NA,NA,"Dinophyceae","Prorocentrales","Prorocentraceae","Prorocentrum","Prorocentrum minimum",0,0,0,0,0,0,0,0,0,0,0,0,0,0,0,0,0,0,0,0,0,0,0,0,0,0,0,0,0,0,0,0,0,0,0,0,0,0,0,0,0,0,0,0,0,0,0,0,0,0,0,0,0,0,0,0,0,0,0,0,0,0,0,0,0,0,0,0,0,0,0,0,0,0,0,0,0,0,0,0,0,0,0,0,0,0,0,0,0,0,0,0,0,0,0,0,0,0,0,0,0,0,0,0,0,0,0,0,0,0,0,0,0,0,0,0,0,0,0,0,0,0,0,0,0,0,0,0,0,0,0,0,0,0,0,0,0,0,0,0,0,20,0,0,0,0,0,0,0,0,0,0,0,0,0,0,0,0,0,0,0,0,20,0,0,0,0,0,0,0,0,0,0,0,0,0,0,0,0,0,0,0,0,0,0,0,0,0,0,0,0,40,0,0,0,0,0,0,0,0,0,0,0,0,0,0,0,0,0,0,0,0,0,0,20,640,400,160,80,0,0,0,0,0,0,0,0,0,0,0,0,0,0,0,0,40,0,0,0,0,0,0,0,0,20,80,0,0,0,0,0,0,0,0,0,0,0,0,0,0,0,0,0,0,0,0,0,0,60,0,0,0
"RigautJalabertetal_morphology_expertise_microscopy","RigautJalabertetal","morphology","expertise","microscopy","RigautJalabertetal_morphology_expertise_microscopy_micro123","micro123",NA,"Eukaryota","Myzozoa","Chromista",NA,NA,NA,"Dinophyceae","Prorocentrales","Prorocentraceae","Prorocentrum","Prorocentrum sp",0,20,0,10,0,0,20,40,0,0,10,0,40,0,80,5200,80,240,40,20,0,10,0,10,0,140,0,0,0,0,0,0,0,560,0,0,120,0,0,40,40,240,40,0,0,20,40,40,0,0,0,0,0,20,0,40,40,0,60,40,40,880,560,240,120,40,80,240,0,20,40,0,0,0,0,0,0,0,0,0,80,0,0,0,0,0,0,0,120,0,40,720,200,0,40,0,40,20,40,120,20,0,0,120,40,0,80,80,80,40,240,80,0,160,0,40,160,40,0,0,80,60,0,40,0,0,0,0,20,40,40,40,80,100,40,120,120,100,60,240,220,80,80,0,0,20,20,20,40,0,0,0,0,0,0,0,0,20,20,0,0,0,0,20,120,600,220,280,100,20,0,20,20,0,0,0,0,0,0,40,0,0,0,0,0,40,160,140,20,60,20,40,50,0,40,40,40,0,0,0,0,0,0,0,0,0,0,0,0,0,0,0,20,120,20,60,0,0,0,20,20,0,0,0,0,0,0,0,0,0,0,0,0,20,40,40,60,80,0,20,20,20,0,0,0,0,0,0,0,0,0,0,0,0,80,20,0,80,0,20,40,0,80,40,0,60,40,60,20,20,20,60
"RigautJalabertetal_morphology_expertise_microscopy","RigautJalabertetal","morphology","expertise","microscopy","RigautJalabertetal_morphology_expertise_microscopy_micro124","micro124",NA,"Eukaryota","Myzozoa","Chromista",NA,NA,NA,"Dinophyceae","Peridiniales","Protoperidiniaceae","Protoperidinium","Protoperidinium bipes",0,0,0,0,0,0,0,0,0,0,0,0,0,0,0,160,0,0,0,0,0,0,0,0,0,0,0,0,40,0,0,0,0,0,0,0,0,0,0,0,0,0,0,0,0,0,0,0,0,0,0,0,0,0,0,0,0,40,0,0,0,40,0,40,0,0,0,80,0,0,0,0,0,0,0,0,0,0,0,0,0,0,0,0,0,480,0,0,0,0,0,0,0,0,0,0,0,0,0,0,0,0,0,0,40,40,80,160,0,0,0,80,0,0,40,0,0,0,0,0,0,0,0,0,0,0,0,0,0,0,0,0,480,0,0,0,0,0,0,0,0,0,0,0,0,20,0,0,0,0,0,20,0,0,0,160,0,160,480,240,0,80,40,240,0,0,0,80,120,0,0,0,20,40,0,0,0,0,0,0,40,80,40,0,80,240,80,200,40,640,480,120,80,80,40,0,0,0,0,0,60,0,20,40,40,0,40,0,40,20,360,40,0,80,80,40,0,0,0,20,0,0,0,0,20,40,40,0,0,0,0,40,60,80,20,0,240,120,40,40,40,0,50,40,0,20,80,20,20,60,0,60,60,40,80,160,120,80,0,120,0,60,80,240,0,100,240,40,40,0,60,20
"RigautJalabertetal_morphology_expertise_microscopy","RigautJalabertetal","morphology","expertise","microscopy","RigautJalabertetal_morphology_expertise_microscopy_micro125","micro125",NA,"Eukaryota","Myzozoa","Chromista",NA,NA,NA,"Dinophyceae","Peridiniales","Protoperidiniaceae","Protoperidinium","Protoperidinium sp",0,0,0,80,20,40,80,30,10,0,0,0,0,20,160,640,0,0,0,10,0,30,0,0,0,0,0,0,0,0,40,40,200,0,0,40,40,80,40,0,0,0,0,0,0,0,0,60,0,0,0,0,20,0,60,40,0,80,200,40,40,20,80,0,0,0,0,80,40,0,0,0,0,0,20,0,0,0,0,40,0,0,0,0,20,40,40,0,0,0,0,0,0,40,0,0,0,0,40,40,40,0,0,0,40,0,0,0,80,80,20,0,80,80,0,0,0,80,0,0,160,0,120,0,0,0,80,0,0,0,80,160,20,280,0,0,240,160,40,40,0,0,20,40,0,0,20,40,40,20,0,0,0,80,0,200,120,90,480,200,240,40,0,160,180,160,400,0,0,0,40,120,20,40,0,0,0,0,10,20,120,0,20,40,0,40,400,120,40,0,20,20,20,40,0,0,40,0,10,10,10,60,20,140,110,40,80,40,60,20,40,100,20,80,20,100,80,20,0,0,0,0,0,10,0,0,40,0,0,60,20,0,0,0,80,0,60,100,0,40,0,0,20,0,20,0,0,0,0,20,0,0,0,60,20,20,0,0,40,80,40,100,40,0,0,40,0,40,0,0,0,0
"RigautJalabertetal_morphology_expertise_microscopy","RigautJalabertetal","morphology","expertise","microscopy","RigautJalabertetal_morphology_expertise_microscopy_micro126","micro126",NA,"Eukaryota","Myzozoa","Chromista",NA,NA,NA,"Dinophyceae","Peridiniales","Protoperidiniaceae","Protoperidinium","Protoperidinium quinquecorne",0,0,0,0,0,0,0,0,0,0,0,0,40,0,0,0,0,0,0,0,0,0,0,0,0,0,0,0,0,0,0,0,0,0,0,0,0,0,0,0,0,0,0,0,0,0,0,0,0,0,0,0,0,0,0,0,0,0,0,0,0,0,0,0,0,0,0,0,0,0,0,0,0,0,0,0,0,0,0,0,0,0,0,0,0,0,0,0,0,0,0,0,0,0,0,0,0,0,0,0,0,0,0,0,0,0,0,0,0,0,0,0,0,0,0,80,0,0,0,0,0,0,0,0,0,0,0,0,0,0,0,0,0,0,0,0,0,0,0,0,0,0,0,0,0,0,0,0,0,0,0,0,0,0,0,0,0,0,0,0,0,0,0,0,0,0,0,0,0,0,0,0,0,0,0,0,0,0,0,0,0,0,0,0,0,0,0,0,0,0,0,0,0,0,0,0,0,0,0,0,0,0,0,0,0,0,0,0,0,0,0,0,0,0,0,0,0,0,0,0,0,0,0,0,0,0,0,0,0,0,0,0,0,0,0,0,0,0,0,0,0,0,0,0,0,0,0,0,0,0,0,0,0,0,0,0,0,0,0,0,0,0,0,0,0,0,0,0,0,0,0,0
"RigautJalabertetal_morphology_expertise_microscopy","RigautJalabertetal","morphology","expertise","microscopy","RigautJalabertetal_morphology_expertise_microscopy_micro127","micro127",NA,"Eukaryota","Myzozoa","Chromista",NA,NA,NA,"Dinophyceae","Gonyaulacales","Pyrophacaceae","Pyrophacus","Pyrophacus sp",0,0,0,0,0,0,0,0,0,0,0,0,0,0,0,0,0,0,0,0,0,0,0,0,0,0,0,0,0,0,0,0,0,0,0,0,0,0,0,0,0,0,0,0,0,0,0,0,0,0,0,0,0,0,0,0,0,0,0,0,0,0,0,0,0,0,0,0,0,0,0,0,0,0,0,0,0,0,0,0,0,0,0,0,0,0,0,0,0,0,0,0,0,0,0,0,0,0,0,0,0,0,0,0,0,0,0,0,0,0,20,0,0,80,20,0,0,0,0,0,0,0,0,0,0,0,0,0,0,0,0,0,0,0,0,0,0,0,0,0,0,0,0,0,0,0,0,0,0,0,0,0,0,0,0,0,0,0,0,0,0,0,0,0,0,0,0,0,0,0,0,0,0,0,0,0,0,0,0,0,0,0,0,0,0,0,0,0,0,0,0,0,0,0,0,0,0,0,0,0,0,0,0,0,0,0,0,0,0,0,0,0,0,0,0,0,0,0,0,0,0,0,0,0,0,0,0,0,0,0,0,0,0,0,0,0,0,0,0,0,0,0,0,0,0,0,0,0,0,0,0,0,0,0,0,0,0,0,0,0,0,0,0,0,0,0,0,0,0,0,0,0
"RigautJalabertetal_morphology_expertise_microscopy","RigautJalabertetal","morphology","expertise","microscopy","RigautJalabertetal_morphology_expertise_microscopy_micro128","micro128",NA,"Eukaryota","Myzozoa","Chromista",NA,NA,NA,"Dinophyceae","Peridiniales","Peridiniaceae","Scrippsiella","Scrippsiella sp",0,0,0,20,0,0,0,0,0,0,0,0,0,0,0,0,0,0,0,0,0,0,0,0,0,0,0,0,0,80,40,80,120,0,180,0,1560,80,0,0,120,280,120,200,0,0,0,20,0,0,0,0,20,0,0,40,0,0,0,0,80,280,80,20,80,0,0,120,0,0,0,0,0,0,0,0,40,40,120,80,80,0,0,20,0,80,40,120,0,0,20,0,0,0,0,0,0,0,0,0,0,0,0,0,0,0,0,0,0,640,0,0,80,0,80,0,160,160,0,0,0,0,0,0,0,0,0,0,0,40,40,80,240,120,40,120,160,80,20,80,200,40,80,60,40,0,0,0,0,0,0,0,0,0,0,240,240,400,160,360,80,80,280,480,880,240,40,40,40,40,0,20,20,0,0,0,0,0,0,0,0,80,0,120,40,640,480,720,760,320,200,40,40,40,20,0,80,0,0,0,20,0,0,40,20,0,0,200,160,440,580,600,80,40,0,0,0,0,0,60,0,20,0,0,0,0,0,0,0,40,280,200,80,40,200,560,240,320,240,200,360,0,0,0,0,0,0,0,40,0,0,40,100,80,180,600,280,120,200,1320,160,360,20,160,0,0,0,40,0,0,0,0
"RigautJalabertetal_morphology_expertise_microscopy","RigautJalabertetal","morphology","expertise","microscopy","RigautJalabertetal_morphology_expertise_microscopy_micro129","micro129",NA,"Eukaryota","Myzozoa","Chromista",NA,NA,NA,"Dinophyceae","Gymnodiniales","Gymnodiniaceae","Torodinium","Torodinium sp",0,0,0,10,0,0,0,10,0,0,0,0,0,0,0,0,0,0,0,0,10,0,0,0,0,0,0,0,0,0,0,0,0,0,0,0,0,0,0,0,0,0,0,0,0,0,0,0,0,0,0,0,0,0,0,0,0,0,0,0,0,0,0,0,0,0,0,0,0,0,0,0,0,0,0,0,0,0,0,0,0,0,0,0,0,0,0,0,0,0,0,0,0,0,0,0,0,0,0,0,0,0,0,0,0,0,0,0,0,0,0,0,0,0,0,0,0,0,0,0,0,0,0,0,0,0,0,0,0,0,0,0,0,0,60,0,0,0,0,0,0,0,20,0,40,40,20,0,0,0,0,0,20,40,20,0,0,0,480,0,0,0,0,0,0,20,80,40,0,20,20,60,40,40,40,0,0,0,40,20,0,0,0,40,40,40,40,40,60,60,600,80,120,40,0,40,140,60,20,0,30,0,20,60,40,20,0,40,0,100,40,80,200,80,80,100,60,80,100,80,0,80,60,10,0,0,20,20,40,20,40,0,40,60,60,40,40,40,60,100,140,60,160,40,60,0,20,60,0,60,20,80,0,0,0,0,0,0,0,40,40,40,60,120,160,80,100,160,40,20,60,40
"RigautJalabertetal_morphology_expertise_microscopy","RigautJalabertetal","morphology","expertise","microscopy","RigautJalabertetal_morphology_expertise_microscopy_micro130","micro130",NA,"Eukaryota","Myzozoa","Chromista",NA,NA,NA,"Dinophyceae",NA,NA,NA,"Undetermined Dinoflagellata sp",0,0,0,0,0,0,0,0,0,0,0,0,0,0,0,0,0,0,0,0,0,0,0,0,260,0,0,120,0,0,0,0,120,240,0,0,720,320,0,320,440,0,0,0,0,0,0,0,0,0,0,0,0,0,0,0,0,0,0,0,0,0,0,0,0,0,0,0,0,0,0,0,0,0,0,0,0,0,0,0,0,0,0,0,0,0,0,0,960,7840,760,920,2200,0,0,0,0,0,0,0,0,0,0,0,0,0,0,0,0,0,0,240,0,0,0,0,0,0,0,0,0,0,0,0,0,0,0,0,0,0,0,0,0,0,0,0,0,0,0,0,0,0,0,0,0,0,0,160,0,0,0,0,0,0,0,0,0,0,0,0,0,0,0,0,0,0,0,0,0,0,0,0,0,0,0,0,0,0,0,0,0,0,0,0,0,0,0,0,0,0,0,0,0,0,0,0,0,0,0,0,0,0,0,0,0,0,0,0,0,0,0,0,0,160,0,0,0,0,0,0,0,0,0,0,0,0,0,0,0,0,0,0,0,0,0,0,0,0,0,0,0,0,0,0,0,0,0,0,0,0,0,0,0,0,0,0,0,0,0,0,0,0,0,0,0,0,0,0,0,0,0,0
"RigautJalabertetal_morphology_expertise_microscopy","RigautJalabertetal","morphology","expertise","microscopy","RigautJalabertetal_morphology_expertise_microscopy_micro131","micro131",NA,"Eukaryota","Myzozoa","Chromista",NA,NA,NA,"Dinophyceae",NA,NA,NA,"Undetermined Dinoflagellata sp (cyst)",0,0,0,0,0,0,0,0,0,0,0,0,0,0,0,0,0,0,0,0,0,0,0,0,0,0,0,0,0,0,0,0,0,0,40,0,0,0,0,0,0,0,0,0,0,0,0,0,0,0,0,0,0,0,0,0,0,0,0,0,0,0,20,0,0,0,0,0,0,0,0,0,0,0,0,0,0,0,0,0,0,0,0,0,20,0,0,0,0,0,0,0,0,0,0,0,0,0,0,0,0,0,0,0,40,0,0,0,0,0,0,0,0,0,0,0,0,0,0,0,0,0,0,0,0,0,0,0,0,0,0,0,0,0,20,20,40,0,0,0,0,0,0,0,0,0,0,20,0,0,0,20,0,0,0,0,0,0,0,0,0,0,0,0,0,0,0,0,0,0,0,0,0,0,0,0,0,0,0,0,40,0,0,0,0,0,0,20,0,0,0,0,40,0,0,0,0,0,0,0,0,0,0,0,0,0,0,0,0,0,0,0,0,0,0,0,0,0,0,0,0,0,0,0,0,0,0,0,0,0,0,0,0,0,0,0,0,0,0,0,0,0,0,0,0,0,0,0,0,0,0,0,0,0,0,40,20,0,20,20,0,0,0,40,0,0,0,20,0,0,0,0
"RigautJalabertetal_morphology_expertise_microscopy","RigautJalabertetal","morphology","expertise","microscopy","RigautJalabertetal_morphology_expertise_microscopy_micro132","micro132",NA,"Eukaryota","Myzozoa","Chromista",NA,NA,NA,"Dinophyceae",NA,NA,NA,"Undetermined Dinoflagellata sp (naked)",0,0,40,20,40,120,0,80,0,0,10,80,440,320,80,8720,80,160,280,50,0,30,0,0,0,0,0,0,0,100,120,40,0,0,0,0,0,0,0,0,0,200,200,0,0,40,0,80,0,0,0,40,80,80,120,160,200,160,620,560,200,880,0,1040,0,0,0,0,0,0,0,0,0,0,0,0,0,0,40,120,240,80,180,200,400,1320,360,40,0,0,0,0,0,40,0,0,240,0,0,0,0,120,360,200,520,80,520,400,0,320,720,0,0,80,160,0,320,80,480,0,240,40,40,80,80,0,160,80,0,240,160,240,160,160,80,240,240,360,240,440,80,80,200,400,0,160,200,200,340,100,380,20,300,400,600,840,760,360,800,280,0,240,120,560,640,680,560,400,320,160,0,200,220,220,60,20,0,0,0,80,0,200,240,280,240,2400,640,1100,840,1080,1760,520,1700,560,720,920,640,1040,260,340,440,80,280,800,280,440,840,520,280,280,280,80,40,680,0,240,280,400,800,360,820,280,260,380,520,100,280,0,0,540,900,860,2080,940,3460,1000,600,1440,440,700,1160,80,1200,720,1000,360,480,320,500,0,660,200,840,680,1040,1120,2800,4100,1520,1320,1880,2020,1480,2220,2380,760,1520,1000,180,740,1020,580
"RigautJalabertetal_morphology_expertise_microscopy","RigautJalabertetal","morphology","expertise","microscopy","RigautJalabertetal_morphology_expertise_microscopy_micro133","micro133",NA,"Eukaryota","Myzozoa","Chromista",NA,NA,NA,"Dinophyceae","Peridiniales",NA,NA,"Undetermined Dinoflagellata sp (thecate)",40,20,20,160,0,420,770,490,60,80,20,2080,3720,4320,1360,8560,320,520,340,10,30,30,0,20,0,0,0,0,600,60,240,80,0,0,0,0,0,0,0,0,0,240,240,160,80,0,80,0,0,240,0,0,80,80,160,800,1080,1000,1840,1000,440,3000,2600,2080,1240,760,1040,4560,120,120,80,80,80,80,80,20,0,80,40,400,240,340,480,480,20,400,1520,1320,0,0,0,0,0,320,1040,160,560,160,120,240,600,180,600,0,1200,720,2520,800,1200,2320,2000,7120,1440,1520,5120,0,9600,1600,560,760,1040,800,680,80,80,40,240,240,200,680,480,240,900,720,640,560,1360,1080,560,5400,1680,1280,3000,1240,1000,560,1040,400,280,160,180,300,200,680,1260,1600,1560,7520,13840,2640,1960,680,3480,6880,3960,4480,4720,6480,1480,1160,880,1280,680,580,160,20,20,20,120,360,800,840,560,2160,960,14760,3640,3520,6680,4920,5880,3960,2560,2760,1360,1240,1040,180,300,40,230,80,220,960,3360,960,3860,1600,1440,1400,4240,4160,2240,2440,1260,5240,1880,760,2400,1540,1260,560,400,1100,380,300,640,600,1080,640,1760,1740,2220,960,3680,7500,4480,9940,11420,7540,5400,1880,2250,1040,1900,300,440,540,620,480,740,4020,1920,2480,2160,4080,4560,5320,6680,8400,9120,6580,4000,6720,2440,340,2200,2780,1460,1340,1260,1000
"RigautJalabertetal_morphology_expertise_microscopy","RigautJalabertetal","morphology","expertise","microscopy","RigautJalabertetal_morphology_expertise_microscopy_micro134","micro134",NA,"Eukaryota","Euglenozoa","Protozoa",NA,NA,NA,"Euglenophyceae",NA,NA,NA,"Euglenophyceae",0,0,20,20,0,20,20,30,0,20,0,80,400,320,760,2800,180,960,20,0,0,20,0,0,0,0,0,0,0,0,0,0,0,0,0,0,0,0,0,0,0,0,0,0,0,0,0,0,0,0,0,0,0,0,0,0,240,200,60,0,80,280,80,320,0,0,320,280,0,0,40,0,0,0,0,0,120,0,40,0,80,0,0,0,40,120,0,40,0,0,0,0,0,120,200,0,80,0,40,40,20,0,0,0,40,640,40,0,80,400,160,800,480,20,320,20,560,240,400,160,160,20,80,80,40,0,0,0,0,120,240,80,160,160,120,0,1760,320,0,440,520,120,280,120,80,200,160,80,0,40,80,0,0,40,0,40,120,1200,0,80,320,80,160,240,120,120,240,280,120,80,80,0,0,0,20,0,0,0,0,0,0,0,80,200,40,80,280,480,200,440,80,120,80,0,40,80,0,0,0,0,0,0,0,0,0,80,80,0,200,80,200,440,280,180,180,80,100,0,160,120,80,40,60,0,60,0,40,40,0,30,200,240,880,240,80,360,280,120,440,360,240,120,200,320,240,240,140,340,0,0,20,60,80,160,280,640,200,280,160,280,360,400,320,1600,240,200,400,320,180,100,60,20
"RigautJalabertetal_morphology_expertise_microscopy","RigautJalabertetal","morphology","expertise","microscopy","RigautJalabertetal_morphology_expertise_microscopy_micro135","micro135",NA,"Eukaryota","Ciliophora","Chromista",NA,NA,NA,"Oligotrichea",NA,NA,NA,"Ciliates",0,0,60,80,40,0,80,30,0,120,0,560,560,1520,1080,2320,700,400,420,0,0,80,160,0,120,40,40,120,600,100,0,160,240,0,480,360,1320,440,80,1680,240,960,360,280,40,160,140,60,20,60,20,100,40,120,40,360,200,280,880,560,240,760,240,880,160,360,1200,1200,440,200,120,120,240,120,280,200,480,360,2640,240,160,160,440,280,340,12320,880,200,600,2000,160,520,920,640,800,320,440,440,320,200,560,400,480,800,1120,440,360,320,400,640,1080,2720,1200,1040,15520,160,5440,320,720,600,480,360,0,120,120,440,440,160,360,1520,1600,1200,400,600,280,600,1280,3320,1760,960,1040,520,0,0,1080,1000,600,280,440,240,240,240,0,320,320,0,360,920,1760,500,2400,360,2080,2560,1800,4040,1600,1480,600,1200,720,280,200,180,200,140,80,0,120,120,320,120,440,720,1160,2280,2040,1080,1600,0,560,720,720,880,680,680,480,600,520,100,300,320,280,480,160,240,0,520,400,600,820,1160,700,800,300,860,1000,600,820,300,240,340,360,400,150,200,140,220,200,240,320,420,860,880,440,2020,1080,1820,1120,460,1020,880,180,500,600,580,680,460,320,380,400,740,800,220,420,200,200,3400,600,2520,1020,620,1040,1300,740,800,760,1080,640,420,580,760
"RigautJalabertetal_morphology_expertise_microscopy","RigautJalabertetal","morphology","expertise","microscopy","RigautJalabertetal_morphology_expertise_microscopy_micro136","micro136",NA,"Eukaryota","Chlorophyta","Plantae",NA,NA,NA,"Prasinophyceae","Halosphaerales","Pterospermataceae","Pterosperma","Pterosperma cristatum",0,0,0,0,0,0,0,0,0,0,0,0,0,0,0,0,0,0,0,0,0,0,0,0,0,0,0,0,0,0,0,0,0,0,0,0,0,0,0,0,0,0,0,0,0,0,0,0,0,0,0,0,0,0,0,0,0,0,0,0,0,0,0,0,0,0,0,0,0,0,0,0,0,0,0,0,0,0,0,0,0,0,0,0,0,0,0,0,0,0,0,0,0,0,0,0,0,0,0,0,0,0,0,0,0,0,0,0,0,0,0,0,0,0,0,0,0,0,0,0,0,0,0,0,0,0,0,0,0,0,0,0,0,0,0,0,0,0,0,0,0,0,0,0,0,0,0,0,0,0,0,0,0,0,0,0,0,0,0,0,0,0,0,0,0,0,0,0,0,0,0,0,0,0,0,0,0,0,0,0,0,0,0,0,0,0,0,0,0,0,0,0,0,0,0,0,0,0,0,0,0,0,0,0,0,0,0,0,0,0,0,0,0,0,0,0,0,0,0,0,0,0,0,0,10,0,0,0,0,0,0,0,0,0,0,0,0,0,0,0,0,0,0,0,0,0,0,0,0,0,0,0,0,0,0,0,0,0,0,0,0,0,0,0,0,0,0,20,0,0,0,0
"RigautJalabertetal_morphology_expertise_microscopy","RigautJalabertetal","morphology","expertise","microscopy","RigautJalabertetal_morphology_expertise_microscopy_micro137","micro137",NA,"Eukaryota","Chlorophyta","Plantae",NA,NA,NA,"Prasinophyceae","Halosphaerales","Pterospermataceae","Pterosperma ","Pterosperma cuboides",0,0,0,0,0,0,0,0,0,0,0,0,0,0,0,0,0,0,0,0,0,0,0,0,0,0,0,0,0,0,0,0,0,0,0,0,0,0,0,0,0,0,0,0,0,0,0,0,0,0,0,0,0,0,0,0,0,0,0,0,0,0,0,0,0,0,0,0,0,0,0,0,0,0,0,0,0,0,0,0,0,0,0,0,0,0,0,0,0,0,0,0,0,0,0,0,0,0,0,0,0,0,0,0,0,0,0,0,0,0,0,0,0,0,0,0,0,0,0,0,0,0,0,0,0,0,0,0,0,0,0,0,0,0,0,0,0,0,0,0,0,0,0,0,0,0,0,0,0,0,0,0,0,0,0,0,0,0,0,0,0,0,0,0,0,0,0,0,0,0,0,0,0,0,0,0,0,0,0,0,0,0,0,0,0,0,0,0,0,0,0,0,0,0,0,0,0,0,0,0,0,0,0,0,0,0,0,0,0,0,0,0,0,0,0,0,0,0,0,0,0,0,0,0,0,0,0,0,0,0,0,0,0,0,0,0,0,0,0,0,0,0,0,0,0,0,0,0,0,0,0,0,0,0,0,0,0,40,0,0,0,0,0,0,0,0,0,0,0,0,0,0
"RigautJalabertetal_morphology_expertise_microscopy","RigautJalabertetal","morphology","expertise","microscopy","RigautJalabertetal_morphology_expertise_microscopy_micro138","micro138",NA,"Eukaryota","Chlorophyta","Plantae",NA,NA,NA,"Prasinophyceae","Halosphaerales","Pterospermataceae","Pterosperma ","Pterosperma moebii",0,0,0,0,0,0,0,0,0,0,0,0,0,0,0,0,0,0,0,0,0,0,0,0,0,0,0,0,0,0,0,0,0,0,0,0,0,0,0,0,0,0,0,0,0,0,0,0,0,0,0,0,0,0,0,0,0,0,0,0,0,0,0,0,0,0,0,0,0,0,0,0,0,0,0,0,0,0,0,0,0,0,0,0,0,0,0,0,0,0,0,0,0,0,0,0,0,0,0,0,0,0,0,0,0,0,0,0,0,0,0,0,0,0,0,0,0,0,0,0,0,0,0,0,0,0,0,0,0,0,0,0,0,0,0,0,0,0,0,0,0,0,0,0,0,0,0,0,0,0,0,0,0,0,0,0,0,0,0,0,0,0,0,0,0,0,0,0,0,0,0,0,0,0,0,0,0,0,0,0,0,0,0,0,0,0,0,0,0,0,0,0,0,0,0,0,0,0,0,0,0,0,0,0,0,0,0,0,0,0,0,0,0,0,0,0,0,0,0,0,0,0,0,0,0,0,0,0,0,0,0,0,0,0,0,0,0,0,0,0,0,0,0,0,0,0,0,0,0,0,0,0,0,0,0,0,0,0,0,0,0,0,0,0,0,0,0,0,0,0,20,0
"RigautJalabertetal_morphology_expertise_microscopy","RigautJalabertetal","morphology","expertise","microscopy","RigautJalabertetal_morphology_expertise_microscopy_micro139","micro139",NA,"Eukaryota","Chlorophyta","Plantae",NA,NA,NA,"Prasinophyceae","Halosphaerales","Pterospermataceae","Pterosperma ","Pterosperma polygonum",0,0,0,0,0,0,0,0,0,0,0,0,0,0,0,0,0,0,0,0,0,0,0,0,0,0,0,0,0,0,0,0,0,0,0,0,0,0,0,0,0,0,0,0,0,0,0,0,0,0,0,0,0,0,0,0,0,0,0,0,0,0,0,0,0,0,0,0,0,0,0,0,0,0,0,0,0,0,0,0,0,0,0,0,0,0,0,0,0,0,0,0,0,0,0,0,0,0,0,0,0,0,0,0,0,0,0,0,0,0,0,0,0,0,0,0,0,0,0,0,0,0,0,0,0,0,0,0,0,0,0,0,0,0,0,0,0,0,0,0,0,0,0,0,0,0,0,0,0,0,0,0,0,0,0,0,0,0,0,0,0,0,0,0,0,0,0,0,0,0,0,0,0,0,0,0,0,0,0,0,0,0,0,0,0,0,0,0,0,0,0,0,0,0,0,0,0,0,0,0,0,0,0,0,0,0,0,0,0,0,0,0,0,0,0,0,0,0,0,0,0,0,0,0,0,0,0,0,0,0,0,0,0,0,0,0,0,0,0,0,0,0,0,0,0,0,0,0,0,0,0,0,0,0,0,0,0,0,0,0,0,0,0,0,0,0,0,0,0,20,0,0
"RigautJalabertetal_morphology_expertise_microscopy","RigautJalabertetal","morphology","expertise","microscopy","RigautJalabertetal_morphology_expertise_microscopy_micro140","micro140",NA,"Eukaryota","Chlorophyta","Plantae",NA,NA,NA,"Prasinophyceae","Halosphaerales","Pterospermataceae","Pterosperma","Pterosperma sp",0,0,0,0,0,0,0,0,0,0,0,0,0,0,0,0,0,0,0,0,0,0,0,0,0,0,0,0,0,0,0,0,0,0,0,0,0,0,0,0,0,80,0,0,0,0,20,0,0,0,0,40,0,0,0,0,0,0,0,0,0,0,0,0,0,0,0,0,0,0,0,0,0,0,0,0,0,0,0,0,0,0,0,0,0,0,0,0,0,0,0,0,0,0,0,0,0,0,0,40,0,0,0,0,0,20,0,0,0,0,40,0,0,0,0,0,20,0,160,0,0,20,0,0,0,0,0,0,0,0,0,0,0,0,0,0,0,0,0,0,0,0,0,20,0,0,0,20,20,0,0,0,0,0,0,0,0,0,0,0,0,0,0,0,0,0,0,0,0,0,0,0,0,0,20,0,0,0,0,0,0,0,0,0,0,0,0,0,0,0,0,0,0,0,0,0,0,0,0,0,0,0,0,0,40,0,0,0,0,0,0,0,0,0,0,0,0,0,0,0,0,0,0,40,0,0,0,0,0,0,0,0,0,0,0,0,0,0,0,0,0,0,0,0,0,0,0,0,0,0,0,0,0,0,0,0,0,0,0,0,0,0,0,0,0,0,0,0,0,0,40,0
"RigautJalabertetal_morphology_expertise_microscopy","RigautJalabertetal","morphology","expertise","microscopy","RigautJalabertetal_morphology_expertise_microscopy_micro141","micro141",NA,"Eukaryota","Haptophyta","Chromista",NA,NA,NA,"Prymnesiophyceae","Phaeocystales","Phaeocystaceae","Phaeocystis","Phaeocystis globosa",0,0,0,0,0,0,0,0,0,0,0,25920,0,0,0,0,0,0,0,0,0,0,0,0,0,0,0,0,0,0,0,280,1920,91360,161320,0,0,0,0,0,0,400,0,0,0,0,0,0,0,0,0,0,0,0,0,0,0,0,0,0,0,0,0,0,0,0,0,0,0,0,0,0,0,0,0,0,0,0,0,0,0,0,0,0,0,0,0,0,0,0,0,0,0,0,0,0,0,0,0,0,0,0,0,0,0,0,0,0,1440,11040,7960,0,0,0,0,0,2000,0,0,0,0,0,0,0,0,0,40,0,600,1200,0,22480,56080,20960,24800,39680,0,0,0,0,0,0,0,0,0,0,0,0,0,0,0,0,0,0,0,0,320,560,0,0,0,0,0,0,2400,0,1760,1000,0,0,0,0,0,0,0,0,0,0,0,0,0,0,0,0,0,640,0,400,0,0,0,0,0,0,0,0,0,0,0,0,0,0,0,0,0,0,0,0,0,0,0,0,0,0,0,0,0,0,0,0,0,0,0,0,0,0,0,0,0,0,0,1880,0,0,0,0,0,0,0,0,0,0,0,0,0,0,0,0,0,0,0,0,0,0,0,640,0,0,0,1200,960,0,0,0,600,0,0,0,0,0,0,0
"RigautJalabertetal_morphology_expertise_microscopy","RigautJalabertetal","morphology","expertise","microscopy","RigautJalabertetal_morphology_expertise_microscopy_micro142","micro142",NA,"Eukaryota","Haptophyta","Chromista",NA,NA,NA,"Prymnesiophyceae",NA,NA,NA,"Prymnesiophyceae",0,0,0,0,0,0,0,0,0,0,0,0,0,0,0,0,0,0,0,0,0,0,0,0,0,0,0,0,0,0,0,0,0,0,0,0,0,0,0,0,0,0,0,0,0,0,0,0,0,0,0,0,0,0,0,0,0,0,0,0,0,0,0,0,0,0,0,0,0,0,0,0,0,0,0,0,0,0,0,0,0,0,0,0,0,0,0,0,0,0,0,0,0,0,0,0,0,0,0,0,0,0,0,0,0,0,0,0,0,0,0,0,0,0,0,0,0,0,0,0,0,0,0,0,0,0,0,0,0,0,0,0,0,0,0,0,0,0,0,0,0,0,0,0,0,0,0,0,0,0,0,0,0,0,0,0,0,0,0,0,0,0,0,0,0,0,0,0,0,0,0,0,0,0,0,0,0,0,0,0,0,0,0,0,0,0,0,0,0,0,0,0,0,0,0,0,0,0,0,0,0,0,0,0,0,0,0,0,0,0,0,0,0,0,0,0,0,0,0,120,80,40,0,0,20,0,0,0,0,0,0,0,0,120,0,0,160,0,0,0,0,0,0,0,0,0,0,0,0,0,0,100,0,0,0,0,0,0,0,0,0,0,0,0,0,0,0,0,20,0,0,40
"RigautJalabertetal_morphology_expertise_microscopy","RigautJalabertetal","morphology","expertise","microscopy","RigautJalabertetal_morphology_expertise_microscopy_micro143","micro143",NA,"Eukaryota","Chlorophyta","Plantae",NA,NA,NA,"Pyramimonadophyceae","Pyramimonadales","Pyramimonadaceae","Halosphaera","Halosphaera sp",0,0,0,0,0,0,0,0,0,0,0,0,0,0,0,0,0,0,0,10,0,0,0,0,0,0,0,40,0,0,0,0,40,0,0,0,0,0,0,0,0,0,0,0,0,0,0,0,0,0,0,0,0,0,0,0,0,0,0,0,0,0,0,0,0,0,0,0,0,0,0,0,0,0,0,0,0,0,0,0,0,0,0,0,0,0,0,0,0,0,0,0,0,0,0,40,0,0,0,0,0,0,0,0,0,0,0,0,0,0,0,0,0,0,0,0,0,0,0,0,0,0,0,0,0,0,0,0,0,20,0,0,0,0,0,0,0,0,0,0,0,0,0,0,0,0,0,0,0,0,0,0,0,0,0,0,0,0,0,0,0,0,0,0,0,0,0,0,0,0,0,0,0,0,0,0,0,0,0,0,0,0,0,0,0,0,0,0,0,0,0,0,0,0,0,0,0,0,0,10,0,0,0,0,0,0,0,0,0,0,0,0,0,20,0,0,0,20,0,0,0,0,0,0,0,0,0,0,0,0,0,0,0,0,0,0,0,0,0,0,0,0,0,0,0,0,0,0,0,20,0,0,0,0,0,0,0,0,0,0,0,0,0,0,0,0,20,0,0,0,0,0
"RigautJalabertetal_morphology_expertise_microscopy","RigautJalabertetal","morphology","expertise","microscopy","RigautJalabertetal_morphology_expertise_microscopy_micro144","micro144",NA,"Eukaryota","Ochrophyta","Chromista",NA,NA,NA,"Raphidophyceae","Chattonellales","Chattonellaceae",NA,"Chattonellaceae",0,0,0,0,0,0,0,0,0,0,0,0,0,0,40,0,20,0,0,0,0,0,0,0,0,0,0,0,0,0,0,0,0,0,0,0,0,0,0,0,0,0,0,0,0,0,0,0,0,0,0,0,0,0,0,0,0,0,0,40,0,40,40,0,0,80,40,40,0,0,0,0,0,0,0,0,0,0,0,0,0,0,0,0,0,0,0,0,0,0,0,0,0,0,0,0,0,0,0,0,0,0,0,0,40,0,120,40,0,0,0,0,0,0,160,0,0,0,0,0,0,0,0,0,0,0,0,0,0,0,0,0,0,0,0,0,0,0,0,0,0,0,0,0,0,0,0,0,0,0,0,0,0,0,0,0,0,0,0,0,0,0,80,0,0,0,0,0,0,0,0,0,0,0,0,0,0,0,0,0,0,0,0,0,0,0,0,0,0,0,0,0,0,0,0,0,0,0,0,0,0,0,0,0,0,0,0,60,80,0,0,60,0,20,0,0,0,0,0,0,0,0,0,0,0,0,0,0,0,0,80,0,0,20,40,0,0,80,0,0,0,0,0,0,0,0,0,0,0,0,0,0,0,0,0,0,80,0,0,0,0,0,0,0,40,0,0,0,0,0,0,0
"RigautJalabertetal_morphology_expertise_microscopy","RigautJalabertetal","morphology","expertise","microscopy","RigautJalabertetal_morphology_expertise_microscopy_micro145","micro145",NA,"Eukaryota","Ochrophyta","Chromista",NA,NA,NA,"Xanthophyceae","Mischococcales","Pleurochloridaceae","Meringosphaera","Meringosphaera sp",0,0,0,0,0,0,0,0,0,0,0,0,0,0,0,0,0,0,0,0,0,0,0,0,0,0,0,0,0,0,0,0,0,0,0,0,0,0,0,0,0,0,0,0,0,0,0,0,0,0,0,0,0,0,0,0,0,0,0,0,0,0,0,0,0,0,0,0,0,0,0,0,0,0,0,0,0,0,0,0,0,0,0,0,0,0,0,0,0,0,0,0,0,0,0,0,0,0,0,0,0,0,0,0,0,0,0,0,0,0,0,0,0,0,0,0,0,0,0,0,0,0,0,0,0,0,0,0,0,20,0,0,0,0,0,0,0,0,0,0,0,0,0,0,0,0,0,0,0,0,0,0,0,0,0,0,0,0,0,0,0,0,0,0,0,0,0,0,0,0,0,0,0,0,0,0,0,0,0,0,0,0,0,0,0,0,0,0,0,0,0,0,0,0,0,0,0,0,0,0,0,0,0,0,0,0,0,0,0,0,0,0,0,0,0,0,0,0,0,0,0,0,0,0,0,0,0,0,0,0,0,0,0,0,0,0,0,0,0,0,0,0,0,0,0,0,0,0,0,0,0,0,0,0,0,0,0,0,0,0,0,0,0,0,0,0,0,0,0,0,0,0
"RigautJalabertetal_morphology_expertise_microscopy","RigautJalabertetal","morphology","expertise","microscopy","RigautJalabertetal_morphology_expertise_microscopy_micro146","micro146",NA,"Eukaryota",NA,NA,NA,NA,NA,NA,NA,NA,NA,"Undetermined sp",240,160,0,0,0,0,10,90,10,0,100,1520,2760,2720,1120,3920,860,360,460,10,0,60,40,20,0,320,0,200,640,0,0,0,0,0,40,0,0,0,0,0,120,0,720,80,280,840,60,80,160,0,40,20,400,200,460,2480,2240,720,420,640,720,2840,2160,1800,680,1280,1560,1360,560,800,520,960,360,960,160,520,240,40,600,200,1000,360,520,760,100,1560,520,0,160,720,160,120,40,480,360,160,680,0,40,560,1040,600,320,1800,1500,0,1600,840,3200,2880,1680,2160,1440,960,320,1920,2640,2000,1920,680,400,480,640,160,240,960,0,160,40,240,360,1360,160,40,600,140,4400,560,400,0,160,0,40,0,0,40,40,0,20,0,20,20,80,260,160,0,80,1760,2080,120,80,0,0,80,0,0,0,0,0,0,80,0,60,0,0,0,20,0,50,0,200,0,0,0,0,0,0,0,0,0,0,80,40,60,60,200,360,0,140,80,280,300,400,360,800,0,100,0,0,0,20,0,40,0,0,0,0,0,20,20,40,80,80,200,120,70,160,380,560,640,400,0,0,0,20,0,40,120,0,20,360,0,80,100,120,60,120,80,120,0,60,0,80,0,60,0,0,0,0,0,0,0,0,0,0,20,0,0,0,20,40,20
